Timestamp,Title,Age,Citizenship,Rate your skills [Python],Rate your skills [Machine learning],What is your expectation from attending this class?,What is your best favorite category to purchase online?,What is your second favorite category to purchase online?,What is you third favorite category to purchase online?
6/30/2020 21:06:41,,,You don't need to know,No Background,No Background,,,,
7/1/2020 15:21:41,Mr.,23,Singapore,Have used in a project,No Background,to gain skills,Men's Wear,Hobbies & Books,Computers & Peripherals
7/1/2020 15:38:09,Ms.,25,Taiwai,Have studied,No Background,get the knowledge about data science,Beauty & Personal Care,Women's Apparel,Food & Beverages
7/1/2020 15:38:59,Mr.,18,Singapore,No Background,No Background,Able to understand python,Computers & Peripherals,Mobile & Gadgets,Video Games
7/1/2020 15:41:46,Ms.,40,Malaysia,No Background,No Background,Clear about the role,Food & Beverages,Video Games,Jewellery & Accessories
7/1/2020 15:47:54,Mr.,23,Singapore,Have studied,Have studied,Learn more about python and machine learning,Food & Beverages,Video Games,Men's Wear
7/1/2020 16:00:57,Ms.,22,Taiwan,Have studied,No Background,Learn more useful functions in Python.,Hobbies & Books,Beauty & Personal Care,Food & Beverages
7/1/2020 16:09:39,Mr.,21,Singapore,Have studied,No Background,More experience in machine learning using python,Hobbies & Books,Mobile & Gadgets,Food & Beverages
7/1/2020 16:10:44,Mr.,22,Indonesia,Have studied,Have studied,Skillup for python,Hobbies & Books,Computers & Peripherals,Mobile & Gadgets
7/1/2020 16:11:12,Mr.,19,Philippines,No Background,No Background,Basics and Fundamentals of Python,Computers & Peripherals,Video Games,Mobile & Gadgets
7/1/2020 16:29:04,Mr.,26,Singapore,No Background,No Background,To get a preliminary understanding of Python and its use in Data Science (e.g. Why particularly Python over other programming languages that makes it so special for data science and ML?),Food & Beverages,Video Games,Watches
7/1/2020 16:40:42,Mr.,16,Singapore,Have studied,Have studied,To learn more,Computers & Peripherals,Mobile & Gadgets,Food & Beverages
7/1/2020 16:54:51,Mr.,29,Thailand,Have studied,No Background,Some knowledge,Video Games,Hobbies & Books,Computers & Peripherals
7/1/2020 16:59:52,Mr.,40,Singapore PR,Have studied,Have studied,Prepare for Shopee competition,Food & Beverages,Men's Wear,Mobile & Gadgets
7/1/2020 17:16:03,Ms.,23,Singapore,No Background,No Background,To learn basic python,Mobile & Gadgets,Beauty & Personal Care,Food & Beverages
7/1/2020 17:16:27,Mr.,19,Indonesia,Have used in a project,Have studied,Know more with Machine Learning,Computers & Peripherals,Mobile & Gadgets,Hobbies & Books
7/1/2020 17:18:40,Mr.,19,Indonesia,Have studied,Have studied,I want to influence my self and learn something different from my class at university.,Mobile & Gadgets,Men's Wear,Computers & Peripherals
7/1/2020 17:27:49,Mr.,25,Singapore,Have studied,Have studied,To learn and reinforce fundamentals,Computers & Peripherals,Mobile & Gadgets,Food & Beverages
7/1/2020 17:28:17,Ms.,19,Indonesia,"Have studied, Have used in a project","Have studied, Have used in a project",I will be able to master Python for Data Science since I am eagerly to learn it to do some projects given by my college and I hope I can learn it furthermore to make it as part of my career in the future,Computers & Peripherals,Jewellery & Accessories,Mobile & Gadgets
7/1/2020 17:36:06,Ms.,23,Singapore,Have studied,No Background,Learn more python,Hobbies & Books,Beauty & Personal Care,Computers & Peripherals
7/1/2020 17:40:51,Mr.,45,Singapore,No Background,No Background,To learn more abt python,Food & Beverages,Mobile & Gadgets,Hobbies & Books
7/1/2020 17:41:26,Ms.,20,Singapore,Have studied,No Background,-,Food & Beverages,Beauty & Personal Care,Mobile & Gadgets
7/1/2020 17:44:02,Ms.,22,Singapore,Have studied,No Background,Learn,Jewellery & Accessories,Mobile & Gadgets,Women's Apparel
7/1/2020 17:45:12,Ms.,21,Singapore,No Background,No Background,Learn and apply,Jewellery & Accessories,Hobbies & Books,Food & Beverages
7/1/2020 17:49:24,Mr.,23,Singapore,Have studied,No Background,Learn,Computers & Peripherals,Hobbies & Books,Mobile & Gadgets
7/1/2020 17:56:15,Mr.,18,Philippines,Have studied,Have studied,A beginner-friendly Data Science class.,Mobile & Gadgets,Food & Beverages,Men's Wear
7/1/2020 17:57:01,Ms.,18,Indonesia,Have used in a project,Have used in a project,Learn more about python,Mobile & Gadgets,Computers & Peripherals,Food & Beverages
7/1/2020 17:58:28,Ms.,19,Philippines,No Background,No Background,Will have a general overview about Python and its uses.,Beauty & Personal Care,Food & Beverages,Computers & Peripherals
7/1/2020 18:02:02,Ms.,20,Indonesia,Have studied,Have studied,to gain knowledge regarding the given theme and apply it for future study or projects.,Mobile & Gadgets,Beauty & Personal Care,Hobbies & Books
7/1/2020 18:02:21,Mr.,20,Philippines,No Background,No Background,I will learn,Mobile & Gadgets,Video Games,Men's Wear
7/1/2020 18:04:49,Ms.,20,Malaysia,Have studied,No Background,know how to code with python for machine learning,Food & Beverages,Women's Apparel,Mobile & Gadgets
7/1/2020 18:13:50,Ms.,22,Singapore,No Background,No Background,Basic introduction of python and ML,Beauty & Personal Care,Women's Apparel,Jewellery & Accessories
7/1/2020 18:16:49,Ms.,23,Malaysia,No Background,No Background,I can familiar with Python,Hobbies & Books,Mobile & Gadgets,Beauty & Personal Care
7/1/2020 18:34:49,Ms.,26,Singapore,Have studied,No Background,To improve my knowledge about Python since I am still at beginner level.,Hobbies & Books,Beauty & Personal Care,Women's Apparel
7/1/2020 18:41:41,Mr.,37,Malaysia,Have studied,Have studied,learn the tensorflow/keras command and preprare data for training,Computers & Peripherals,Hobbies & Books,Men's Wear
7/1/2020 18:42:59,Mr.,38,Malaysia,Have used in a project,Have used in a project,.,Computers & Peripherals,Mobile & Gadgets,Video Games
7/1/2020 19:03:06,Mr.,21,Singapore,Have studied,No Background,"Not basic syntax, but will learn something new",Video Games,Hobbies & Books,Computers & Peripherals
7/1/2020 19:18:19,Ms.,19,Malaysia,Have studied,No Background,Understand Data Science coding using Python,Women's Apparel,Jewellery & Accessories,Beauty & Personal Care
7/1/2020 19:18:26,Ms.,21,Indonesia,Have studied,No Background,Pro,Hobbies & Books,Beauty & Personal Care,Watches
7/1/2020 19:22:56,Ms.,22,Indonesia,Have studied,Have studied,Practice coding in Python,Beauty & Personal Care,Women's Apparel,Hobbies & Books
7/1/2020 19:32:33,Ms.,19,Indonesia,Have studied,No Background,i can understand more about python,Beauty & Personal Care,Women's Apparel,Food & Beverages
7/1/2020 19:36:09,Ms.,28,Singapore,"Have studied, Have used in a project","Have studied, Have used in a project",I hope to learn more from this course,Computers & Peripherals,Hobbies & Books,Mobile & Gadgets
7/1/2020 19:36:58,Ms.,21,Singapore,Have studied,No Background,I hope to gain more knowledge in python,Beauty & Personal Care,Food & Beverages,Computers & Peripherals
7/1/2020 19:38:30,Ms.,35,Malaysia,No Background,No Background,To gain some knowledge about the Phytonn and machine language,Women's Apparel,Computers & Peripherals,Food & Beverages
7/1/2020 19:39:07,Ms.,39,Malaysia,No Background,No Background,How to use python in machine learning,Beauty & Personal Care,Women's Apparel,Hobbies & Books
7/1/2020 19:41:44,Mr.,19,Indonesia,Have studied,Have studied,With this training.. I hope all attendants can be more familiar with Python,Food & Beverages,Mobile & Gadgets,Hobbies & Books
7/1/2020 19:42:54,Mr.,20,Indonesia,Have studied,No Background,Add my experience about logic and programming,Mobile & Gadgets,Video Games,Hobbies & Books
7/1/2020 19:45:41,Mr.,20,Indonesia,No Background,No Background,i learn something new about python and machine learning,Video Games,Computers & Peripherals,Food & Beverages
7/1/2020 19:46:19,Ms.,32,Thailand,Have used in a project,Have used in a project,Learning Example in real world,Food & Beverages,Hobbies & Books,Food & Beverages
7/1/2020 19:48:21,Ms.,20,Indonesia,No Background,"Have studied, Have used in a project",Gain more knowledge about Python so I can use it for my future projects.,Beauty & Personal Care,Food & Beverages,Women's Apparel
7/1/2020 19:49:24,Ms.,32,Thailand,Have used in a project,Have used in a project,Learning example in real world,Food & Beverages,Hobbies & Books,Beauty & Personal Care
7/1/2020 19:51:25,Mr.,25,Malaysia,Have studied,No Background,To be more familiar in using data science concepts to solve real world problems and provide solution from a consulting stand point.,Food & Beverages,Men's Wear,Hobbies & Books
7/1/2020 19:53:42,Ms.,20,Singapore,Have studied,No Background,learn python,Food & Beverages,Beauty & Personal Care,Jewellery & Accessories
7/1/2020 20:03:32,Ms.,27,Malaysia,No Background,No Background,Learn the basics of Python,Computers & Peripherals,Video Games,Hobbies & Books
7/1/2020 20:07:29,Mr.,26,Taiwai,No Background,No Background,know how to use Python,Mobile & Gadgets,Watches,Video Games
7/1/2020 20:10:50,Mr.,20,Indonesia,Have studied,Have studied,Learning something new,Hobbies & Books,Men's Wear,Mobile & Gadgets
7/1/2020 20:22:30,Mr.,22,Philippines,Have used in a project,Have used in a project,Supplement my knowledge in python,Food & Beverages,Beauty & Personal Care,Men's Wear
7/1/2020 20:23:07,Mr.,22,Singapore,Have used in a project,Have used in a project,Learn more about DS,Men's Wear,Hobbies & Books,Mobile & Gadgets
7/1/2020 20:23:08,Ms.,26,Singapore,Have studied,No Background,to learn about python usage in data science,Food & Beverages,Beauty & Personal Care,Women's Apparel
7/1/2020 20:32:57,Mr.,19,Indonesia,Have studied,No Background,Being able to implement what I've learned in the class to small projects or as a foundation for future learning,Video Games,Computers & Peripherals,Hobbies & Books
7/1/2020 20:38:09,Mr.,29,Singapore,Have studied,No Background,For practice and familiarization,Mobile & Gadgets,Video Games,Computers & Peripherals
7/1/2020 20:50:42,Ms.,21,Singapore,No Background,No Background,NIL,Hobbies & Books,Beauty & Personal Care,Women's Apparel
7/1/2020 20:54:26,Ms.,21,Thailand,Have studied,Have studied,Be able to code in python for data science,Hobbies & Books,Beauty & Personal Care,Mobile & Gadgets
7/1/2020 21:05:44,Mr.,21,Singapore,Have used in a project,No Background,Python Refresher,Mobile & Gadgets,Video Games,Computers & Peripherals
7/1/2020 21:09:56,Mr.,21,Vietnam,Have studied,Have studied,Learn more about Python to use in data science field,Video Games,Mobile & Gadgets,Hobbies & Books
7/1/2020 21:13:14,Mr.,24,Malaysia,Have used in a project,Have used in a project,Improve Python,Computers & Peripherals,Food & Beverages,Mobile & Gadgets
7/1/2020 21:24:28,Mr.,28,Malaysia,Have used in a project,Have studied,no expectations. will absorb all.,Computers & Peripherals,Men's Wear,Mobile & Gadgets
7/1/2020 21:36:05,Ms.,22,Taiwan,Have studied,Have studied,learn to use python in a project,Video Games,Beauty & Personal Care,Computers & Peripherals
7/1/2020 21:48:50,Ms.,20,Malaysia,"No Background, Have used in a project",No Background,Learning functions and have a deeper understanding in loops and variables.,Hobbies & Books,Jewellery & Accessories,Women's Apparel
7/1/2020 21:53:40,Ms.,28,Indonesia,No Background,No Background,Learning essential feature in python,Beauty & Personal Care,Women's Apparel,Food & Beverages
7/1/2020 22:25:17,Ms.,20,Malaysia,Have studied,Have studied,Have a deep understanding of data science,Mobile & Gadgets,Beauty & Personal Care,Computers & Peripherals
7/1/2020 22:39:57,Mr.,19,Indonesia,Have used in a project,Have studied,I can improve my skill,Computers & Peripherals,Food & Beverages,Mobile & Gadgets
7/1/2020 22:41:12,Ms.,24,Malaysia,No Background,No Background,know how to apply python,Food & Beverages,Women's Apparel,Beauty & Personal Care
7/1/2020 23:05:08,Mr.,28,Singapore,Have studied,No Background,Enhance knowledge in python,Food & Beverages,Men's Wear,Mobile & Gadgets
7/1/2020 23:22:46,Ms.,23,Singapore,Have studied,No Background,To apply coding,Beauty & Personal Care,Food & Beverages,Women's Apparel
7/1/2020 23:32:54,Mr.,17,Indonesia,Have used in a project,Have studied,Mastering Python even more,Food & Beverages,Mobile & Gadgets,Computers & Peripherals
7/2/2020 1:18:17,Mr.,21,Myanmar,"Have studied, Have used in a project",Have studied,Can gain some inspects,Computers & Peripherals,Computers & Peripherals,Mobile & Gadgets
7/2/2020 1:45:58,Mr.,22,Thailand,Have used in a project,Have used in a project,Understanding and knowledge especially about python for data science.,Computers & Peripherals,Beauty & Personal Care,Food & Beverages
7/2/2020 2:05:20,Mr.,22,Singapore,No Background,No Background,to have some experience and knowledge,Men's Wear,Food & Beverages,Hobbies & Books
7/2/2020 7:15:04,Mr.,28,Indonesia,Have used in a project,Have used in a project,know the material,Computers & Peripherals,Video Games,Mobile & Gadgets
7/2/2020 7:41:29,Mr.,30,Malaysia,Have used in a project,Have used in a project,theory and application to real world problems,Men's Wear,Food & Beverages,Beauty & Personal Care
7/2/2020 8:26:11,Ms.,24,Taiwan,Have used in a project,Have used in a project,"live coding, more and more practice, description",Hobbies & Books,Women's Apparel,Beauty & Personal Care
7/2/2020 9:16:17,Ms.,21,China,Have studied,No Background,learning python,Women's Apparel,Hobbies & Books,Food & Beverages
7/2/2020 9:42:54,Ms.,19,Singapore,No Background,No Background,To learn more about python and machine learning,Computers & Peripherals,Hobbies & Books,Food & Beverages
7/2/2020 9:43:43,Ms.,19,Malaysia,Have studied,No Background,Become more familiar with python,Women's Apparel,Hobbies & Books,Jewellery & Accessories
7/2/2020 9:49:09,Mr.,22,Philippines,Have used in a project,Have studied,gain more knowledge,Computers & Peripherals,Food & Beverages,Men's Wear
7/2/2020 10:28:43,Mr.,23,Singapore,Have studied,Have studied,Gain a more efficient way of handling data compared to what i currently know,Food & Beverages,Mobile & Gadgets,Video Games
7/2/2020 10:35:05,Ms.,26,Thailand,Have used in a project,Have used in a project,intermidiat python,Watches,Beauty & Personal Care,Food & Beverages
7/2/2020 10:58:09,Mr.,20,Malaysia,"Have studied, Have used in a project",No Background,Learn how to incorporate python in Machine learning,Men's Wear,Mobile & Gadgets,Computers & Peripherals
7/2/2020 11:00:08,Mr.,20,Taiwan,Have studied,No Background,learn basic data science skill,Hobbies & Books,Computers & Peripherals,Video Games
7/2/2020 11:02:34,Mr.,23,Indonesia,Have studied,No Background,I will increase my basic skill in data science with python,Food & Beverages,Mobile & Gadgets,Video Games
7/2/2020 11:03:43,Ms.,20,Malaysia,Have studied,No Background,Learn how to use bot,Food & Beverages,Women's Apparel,Hobbies & Books
7/2/2020 11:05:00,Ms.,16,Singapore,Have used in a project,No Background,to learn about python in data science,Beauty & Personal Care,Women's Apparel,Hobbies & Books
7/2/2020 11:13:24,Ms.,35,Singapore,Have used in a project,Have studied,just refresh on fundamentals,Computers & Peripherals,Mobile & Gadgets,Food & Beverages
7/2/2020 11:20:09,Mr.,22,Singapore,Have studied,No Background,to do well in machine learning,Mobile & Gadgets,Men's Wear,Computers & Peripherals
7/2/2020 11:35:10,Mr.,27,Indonesia,No Background,No Background,Knowledge on the fundamentals of the language to use from a Data Science perspective,Food & Beverages,Men's Wear,Hobbies & Books
7/2/2020 12:01:56,Mr.,17,Malaysia,Regularly use at work,Have used in a project,To learn the practical use of data science and machine learning,Food & Beverages,Video Games,Mobile & Gadgets
7/2/2020 12:38:29,Mr.,18,Vietnam,Have studied,Have studied,I expect to understand everything related to this class.,Video Games,Video Games,Video Games
7/2/2020 12:40:33,Ms.,21,Indonesia,Have studied,Have studied,More understand about python for data science,Beauty & Personal Care,Hobbies & Books,Food & Beverages
7/2/2020 12:48:01,Ms.,21,Malaysia,Have studied,No Background,Learn new techniques,Women's Apparel,Jewellery & Accessories,Beauty & Personal Care
7/2/2020 12:59:03,Ms.,27,Indonesia,No Background,No Background,No expectation,Beauty & Personal Care,Mobile & Gadgets,Computers & Peripherals
7/2/2020 13:01:51,Mr.,25,Singapore,No Background,Have studied,Understanding Python,Men's Wear,Video Games,Mobile & Gadgets
7/2/2020 13:31:16,Mr.,19,Indonesia,Have studied,Have studied,"learn and gain experience
about python and machine learning",Computers & Peripherals,Mobile & Gadgets,Food & Beverages
7/2/2020 13:36:54,Mr.,20,Thailand,Have studied,No Background,I want to be able to use python more efficiently.,Video Games,Hobbies & Books,Food & Beverages
7/2/2020 14:04:46,Mr.,19,Indonesia,Have studied,No Background,Learning more about using python for data science purposes,Video Games,Men's Wear,Food & Beverages
7/2/2020 14:30:39,Mr.,32,Taiwai,Have studied,No Background,To learn more about Python in Data science,Video Games,Computers & Peripherals,Hobbies & Books
7/2/2020 14:41:36,Ms.,25,Taiwai,Have used in a project,No Background,Basic Python,Jewellery & Accessories,Beauty & Personal Care,Food & Beverages
7/2/2020 14:44:45,Mr.,18,Indonesia,Have studied,No Background,Have a basic foundation about machine learning,Food & Beverages,Computers & Peripherals,Hobbies & Books
7/2/2020 15:07:20,Ms.,19,Singapore,No Background,No Background,learning some basics on python,Women's Apparel,Hobbies & Books,Beauty & Personal Care
7/2/2020 15:10:47,Ms.,26,Malaysia,No Background,No Background,Learn Python programming language,Hobbies & Books,Women's Apparel,Beauty & Personal Care
7/2/2020 15:40:03,Mr.,18,Indonesia,Have studied,No Background,able to implement phyton in machine learning,Men's Wear,Food & Beverages,Watches
7/2/2020 15:51:41,Mr.,22,Singapore,Have studied,No Background,Learn more about real world python applications,Mobile & Gadgets,Video Games,Computers & Peripherals
7/2/2020 16:30:26,Ms.,22,Malaysia,No Background,No Background,Learn something new,Mobile & Gadgets,Hobbies & Books,Women's Apparel
7/2/2020 16:34:05,Mr.,24,Singapore,"Have studied, Have used in a project",No Background,Nil,Hobbies & Books,Mobile & Gadgets,Computers & Peripherals
7/2/2020 16:53:34,Ms.,20,Singapore,Have studied,No Background,To have a deeper understanding in Python! Because I've only learnt about Python but now how it can be used in Data Science,Women's Apparel,Jewellery & Accessories,Hobbies & Books
7/2/2020 17:01:45,Mr.,21,Singapore,Have studied,No Background,Learning the basics to be able to do something,Video Games,Food & Beverages,Mobile & Gadgets
7/2/2020 17:24:35,Ms.,19,Indonesia,Have studied,No Background,Improving my knowledge in Python,Hobbies & Books,Food & Beverages,Women's Apparel
7/2/2020 18:15:29,Mr.,22,Indonesia,"Have studied, Have used in a project","Have studied, Have used in a project",getting to know more about machine learning advanced fundamentals,Beauty & Personal Care,Men's Wear,Video Games
7/2/2020 18:33:32,Mr.,18,Indonesia,Have studied,No Background,get to know more about python,Computers & Peripherals,Men's Wear,Video Games
7/2/2020 18:37:29,Ms.,20,Singapore,Have studied,No Background,Gain a better knowledge about looping after the class,Women's Apparel,Jewellery & Accessories,Beauty & Personal Care
7/2/2020 18:38:02,Mr.,16,Indonesia,Have studied,No Background,-,Hobbies & Books,Computers & Peripherals,Men's Wear
7/2/2020 18:41:31,Mr.,18,Indonesia,Have used in a project,Have studied,Know more about Python and ML,Hobbies & Books,Mobile & Gadgets,Food & Beverages
7/2/2020 18:42:51,Ms.,35,Thailand,Have studied,Have studied,N/A,Food & Beverages,Hobbies & Books,Mobile & Gadgets
7/2/2020 18:51:43,Ms.,20,Indonesia,"Have studied, Have used in a project","Have studied, Have used in a project",understand how to use loop and condition better in phyton,Hobbies & Books,Food & Beverages,Beauty & Personal Care
7/2/2020 19:02:39,Ms.,20,Malaysia,No Background,No Background,learn python in data science,Women's Apparel,Beauty & Personal Care,Food & Beverages
7/2/2020 19:16:08,Mr.,19,Malaysia,Have studied,No Background,Get more familiarized with Python writeups,Computers & Peripherals,Video Games,Mobile & Gadgets
7/2/2020 19:22:52,Ms.,20,Malaysia,Have studied,Have studied,learn data science using python,Mobile & Gadgets,Beauty & Personal Care,Food & Beverages
7/2/2020 20:22:29,Mr.,20,Malaysia,Have studied,No Background,Clear notes and teaching,Food & Beverages,Video Games,Men's Wear
7/2/2020 20:28:27,Mr.,20,Malaysia,No Background,No Background,learn the fundamentals,Mobile & Gadgets,Computers & Peripherals,Video Games
7/2/2020 20:30:01,Ms.,20,Singapore,Have studied,No Background,using python for data science,Women's Apparel,Food & Beverages,Hobbies & Books
7/2/2020 20:34:40,Ms.,42,Singapore,No Background,No Background,To be able to code using python in breeze.,Beauty & Personal Care,Computers & Peripherals,Food & Beverages
7/2/2020 20:43:43,Ms.,19,Thailand,Have studied,No Background,My expectation is to understand more about python and data science.,Beauty & Personal Care,Hobbies & Books,Jewellery & Accessories
7/2/2020 21:10:16,Ms.,21,Malaysia,Have studied,Have studied,Know more about Python,Beauty & Personal Care,Computers & Peripherals,Food & Beverages
7/2/2020 21:23:38,Mr.,21,Taiwai,Have used in a project,Have studied,More things about ML. More data processing knowledge is better.,Computers & Peripherals,Watches,Men's Wear
7/2/2020 21:24:44,Ms.,20,Singapore,Have studied,No Background,Easy to follow instructions and slides,Beauty & Personal Care,Hobbies & Books,Food & Beverages
7/2/2020 21:25:30,Ms.,20,Taiwai,Have studied,No Background,"Learn fundamentals of Python, and hope use these basics to prepare for the more  advanced courses",Hobbies & Books,Women's Apparel,Beauty & Personal Care
7/2/2020 21:38:10,Mr.,23,Singapore,Have studied,No Background,Learn more about data science,Computers & Peripherals,Mobile & Gadgets,Mobile & Gadgets
7/2/2020 22:03:32,Ms.,23,China,No Background,No Background,learn some basics about Python,Beauty & Personal Care,Women's Apparel,Food & Beverages
7/2/2020 22:24:20,Mr.,33,Taiwan,Have used in a project,Have studied,learn how to detect human in photo,Beauty & Personal Care,Beauty & Personal Care,Beauty & Personal Care
7/2/2020 22:40:25,Ms.,21,Singapore,Have studied,No Background,I hope to learn how python is applied in data science,Food & Beverages,Mobile & Gadgets,Women's Apparel
7/2/2020 22:41:34,Ms.,23,Singapore,Have studied,No Background,Learn python,Beauty & Personal Care,Mobile & Gadgets,Video Games
7/2/2020 22:42:05,Ms.,20,Singapore,Have studied,No Background,Learn more about python and its usage in the area of Data science.,Beauty & Personal Care,Hobbies & Books,Women's Apparel
7/2/2020 22:42:12,Mr.,46,Thailand,Have used in a project,Have studied,Learn more about Data Science,Computers & Peripherals,Hobbies & Books,Mobile & Gadgets
7/2/2020 22:42:13,Mr.,25,Indonesia,No Background,No Background,Can do programming in python,Men's Wear,Mobile & Gadgets,Computers & Peripherals
7/2/2020 22:42:23,Mr.,23,Thailand,Have studied,Have studied,Gain technical know-how on using libraries like scikit learn or others to create machine learning models.,Watches,Computers & Peripherals,Men's Wear
7/2/2020 22:43:27,Mr.,22,Philippines,Have studied,No Background,Nothing,Hobbies & Books,Men's Wear,Watches
7/2/2020 22:44:50,Mr.,25,Thailand,Have used in a project,Have used in a project,Learn  and practice new knowledge,Men's Wear,Computers & Peripherals,Mobile & Gadgets
7/2/2020 22:45:06,Mr.,20,Indonesia,Have studied,No Background,get to kow python data science better,Computers & Peripherals,Mobile & Gadgets,Beauty & Personal Care
7/2/2020 22:45:27,Mr.,32,Taiwai,Have used in a project,Have used in a project,"Something new, especially for ML usage",Computers & Peripherals,Hobbies & Books,Mobile & Gadgets
7/2/2020 22:46:52,Mr.,24,Singapore,Have used in a project,Have used in a project,As a revision for python syntax,Computers & Peripherals,Mobile & Gadgets,Video Games
7/2/2020 22:47:39,Ms.,21,Malaysia,No Background,No Background,Learn and develop something new,Mobile & Gadgets,Hobbies & Books,Beauty & Personal Care
7/2/2020 22:48:08,Ms.,20,Singapore,Have studied,No Background,"Learn things useful for class, easy to follow",Women's Apparel,Jewellery & Accessories,Hobbies & Books
7/2/2020 22:48:10,Ms.,20,Indonesia,Have used in a project,No Background,Knowledge,Hobbies & Books,Food & Beverages,Mobile & Gadgets
7/2/2020 22:48:14,Mr.,26,Singapore,Have used in a project,Have used in a project,na,Beauty & Personal Care,Hobbies & Books,Mobile & Gadgets
7/2/2020 22:48:53,Mr.,22,Singapore,Have studied,No Background,Get some exposure,Computers & Peripherals,Hobbies & Books,Men's Wear
7/2/2020 22:50:33,Ms.,28,Indonesia,Have used in a project,Have used in a project,Learning something new about python,Hobbies & Books,Women's Apparel,Food & Beverages
7/2/2020 22:50:45,Ms.,21,Singapore,No Background,No Background,To learn how to use coding knowledge in data science,Women's Apparel,Food & Beverages,Hobbies & Books
7/2/2020 22:52:08,Ms.,20,Malaysia,No Background,No Background,Learn some basic Python skills,Women's Apparel,Beauty & Personal Care,Mobile & Gadgets
7/2/2020 22:52:46,Ms.,21,Thailand,Have studied,Have studied,More understanding and able to adapt with the project or working in the future,Beauty & Personal Care,Food & Beverages,Mobile & Gadgets
7/2/2020 22:53:08,Mr.,21,Malaysia,No Background,Have studied,Able to learn something new,Mobile & Gadgets,Food & Beverages,Computers & Peripherals
7/2/2020 22:53:54,Ms.,23,Singapore,No Background,No Background,Learn basic coding,Hobbies & Books,Food & Beverages,Mobile & Gadgets
7/2/2020 22:53:58,Ms.,24,Indonesia,Have studied,Have used in a project,Know more about this topic,Women's Apparel,Beauty & Personal Care,Jewellery & Accessories
7/2/2020 22:54:58,Ms.,23,Singapore,Have used in a project,Have studied,not sure,Food & Beverages,Beauty & Personal Care,Hobbies & Books
7/2/2020 22:55:07,Ms.,20,Malaysia,Have studied,Have studied,-,Hobbies & Books,Mobile & Gadgets,Jewellery & Accessories
7/2/2020 22:56:56,Ms.,21,Malaysia,Have studied,Have used in a project,Have a deeper knowledge about Python and able to utilise it more efficiently,Beauty & Personal Care,Hobbies & Books,Women's Apparel
7/2/2020 22:58:46,Mr.,23,Singapore,Regularly use at work,Have used in a project,Learning more indepth integration of machine learning and computer vision for projects that I am working on,Men's Wear,Hobbies & Books,Computers & Peripherals
7/2/2020 22:59:37,Ms.,30,Indonesia,No Background,No Background,to improve skill and knowledge in data science,Beauty & Personal Care,Hobbies & Books,Food & Beverages
7/2/2020 23:02:45,Ms.,21,Singapore,Have studied,No Background,Better understanding,Beauty & Personal Care,Women's Apparel,Jewellery & Accessories
7/2/2020 23:06:22,Mr.,23,Philippines,Have used in a project,Have studied,"Learn, and receive some materials",Computers & Peripherals,Mobile & Gadgets,Jewellery & Accessories
7/2/2020 23:09:21,Ms.,22,Malaysia,Have studied,No Background,More python skills,Hobbies & Books,Beauty & Personal Care,Computers & Peripherals
7/2/2020 23:09:46,Mr.,24,Malaysia,Have used in a project,No Background,Learn something,Computers & Peripherals,Computers & Peripherals,Food & Beverages
7/2/2020 23:14:34,Mr.,16,Malaysia,Have studied,No Background,to learn more about the usage of python and machine learning as im interested in it,Computers & Peripherals,Mobile & Gadgets,Jewellery & Accessories
7/2/2020 23:17:29,Ms.,0,Malaysia,No Background,Have studied,To learn,Mobile & Gadgets,Hobbies & Books,Beauty & Personal Care
7/2/2020 23:18:11,Ms.,23,Taiwai,Have used in a project,No Background,How to build an image classification model in Python?,Beauty & Personal Care,Food & Beverages,Women's Apparel
7/2/2020 23:28:23,Ms.,19,Singapore,Have studied,No Background,Familiarise with python and gain some basic knowledge about data science,Women's Apparel,Food & Beverages,Hobbies & Books
7/2/2020 23:29:54,Ms.,23,Taiwan,Have studied,No Background,Learn anything,Beauty & Personal Care,Hobbies & Books,Women's Apparel
7/2/2020 23:31:35,Mr.,22,Indonesia,Have studied,Have used in a project,To be pro in pandas and numpy,Food & Beverages,Men's Wear,Video Games
7/2/2020 23:32:46,Mr.,25,Singapore,Have studied,No Background,Solidify my fundamentals and confidence to work on future projects,Computers & Peripherals,Mobile & Gadgets,Video Games
7/2/2020 23:33:55,Ms.,23,Indonesia,Have studied,No Background,The training is appropriate for beginner,Food & Beverages,Beauty & Personal Care,Computers & Peripherals
7/2/2020 23:34:14,Ms.,33,Taiwai,Have used in a project,Have used in a project,Boosting python skills,Food & Beverages,Hobbies & Books,Beauty & Personal Care
7/2/2020 23:42:53,Ms.,28,Taiwai,"No Background, Have used in a project",No Background,Useful technique of python in data science,Women's Apparel,Beauty & Personal Care,Hobbies & Books
7/2/2020 23:44:25,Mr.,38,Malaysia,Have studied,Have studied,Practical skills,Hobbies & Books,Food & Beverages,Mobile & Gadgets
7/2/2020 23:44:48,Ms.,24,Singapore,Have studied,No Background,Build up on my python skills for Data science,Food & Beverages,Beauty & Personal Care,Women's Apparel
7/2/2020 23:55:01,Mr.,21,Singapore,Have studied,Have studied,Learn how to make models,Video Games,Hobbies & Books,Mobile & Gadgets
7/3/2020 0:07:17,Ms.,23,Singapore,Have studied,No Background,"To learn how to write scripts from a data science perspective, and learn more about how Python is used in Data science",Mobile & Gadgets,Video Games,Computers & Peripherals
7/3/2020 0:14:53,Ms.,21,Vietnam,Have studied,Have used in a project,Knowledge,Beauty & Personal Care,Food & Beverages,Computers & Peripherals
7/3/2020 0:17:29,Ms.,26,Taiwai,Have studied,Have studied,learn how to use python in practical cases and works,Hobbies & Books,Beauty & Personal Care,Computers & Peripherals
7/3/2020 0:38:24,Mr.,23,Bangladesh,Have used in a project,No Background,Learn to use python for machine learning.,Computers & Peripherals,Mobile & Gadgets,Men's Wear
7/3/2020 0:49:43,Mr.,23,Malaysia,Have studied,Have studied,Strengthen Python fundamental,Hobbies & Books,Computers & Peripherals,Men's Wear
7/3/2020 1:06:16,Ms.,34,Hongkong,Have used in a project,Have used in a project,Refreshing the fundamental,Food & Beverages,Computers & Peripherals,Hobbies & Books
7/3/2020 1:11:26,Mr.,22,Indonesia,Have studied,Have studied,get to know better understanding to machine learning,Video Games,Computers & Peripherals,Men's Wear
7/3/2020 1:17:45,Mr.,29,Indonesia,Have studied,Have studied,Allows me to better understand data science,Computers & Peripherals,Mobile & Gadgets,Food & Beverages
7/3/2020 1:42:51,Mr.,40,Singapore,Have studied,No Background,"To understand how Python is being used for data science, what are the associated libraries to use etc",Hobbies & Books,Video Games,Watches
7/3/2020 2:14:15,Mr.,25,Singapore,Have used in a project,Have used in a project,Learn,Mobile & Gadgets,Computers & Peripherals,Video Games
7/3/2020 2:19:13,Mr.,22,Malaysia,Have studied,Have studied,To learn about current trends in Python programming for Data Science,Video Games,Mobile & Gadgets,Men's Wear
7/3/2020 2:41:01,Ms.,27,Malaysia,No Background,No Background,Learn from basic,Hobbies & Books,Women's Apparel,Food & Beverages
7/3/2020 4:15:38,Mr.,36,Philippines,Have studied,Have studied,Practical examples,Hobbies & Books,Computers & Peripherals,Mobile & Gadgets
7/3/2020 5:39:29,Ms.,23,Indonesia,Have used in a project,No Background,learn python,Women's Apparel,Beauty & Personal Care,Mobile & Gadgets
7/3/2020 6:14:04,Mr.,18,Singapore,No Background,No Background,Understanding more of python,Computers & Peripherals,Mobile & Gadgets,Video Games
7/3/2020 6:35:11,Mr.,35,Taiwai,Have studied,Have studied,Learn skills to apply job,Computers & Peripherals,Mobile & Gadgets,Hobbies & Books
7/3/2020 6:59:13,Mr.,23,Singapore,Have studied,Have studied,Hone python skills,Hobbies & Books,Mobile & Gadgets,Video Games
7/3/2020 7:01:35,Ms.,38,Malaysia,No Background,No Background,To understand the fundamental of python,Mobile & Gadgets,Computers & Peripherals,Hobbies & Books
7/3/2020 7:52:17,Mr.,30,Indonesia,Have studied,Have studied,I want to understand data science using python,Computers & Peripherals,Mobile & Gadgets,Men's Wear
7/3/2020 7:57:58,Mr.,47,Malaysia,Have studied,No Background,learn more understanding about the topic,Computers & Peripherals,Food & Beverages,Mobile & Gadgets
7/3/2020 7:58:38,Ms.,15,Thailand,Have studied,No Background,Can have your own bot and can do another thing using these skills,Mobile & Gadgets,Food & Beverages,Jewellery & Accessories
7/3/2020 8:04:06,Mr.,20,Singapore,No Background,No Background,Introduction and learning of python and data science basics to enhance future learning,Mobile & Gadgets,Computers & Peripherals,Jewellery & Accessories
7/3/2020 8:10:38,Mr.,22,Indonesia,Have used in a project,Have used in a project,Create Chatbot,Mobile & Gadgets,Video Games,Computers & Peripherals
7/3/2020 8:13:17,Ms.,39,Indonesia,Have studied,Have studied,studying from fundamental,Hobbies & Books,Women's Apparel,Men's Wear
7/3/2020 8:15:32,Mr.,22,Singapore,"Have studied, Have used in a project",No Background,To be able to apply data science into projects by learning the fundamentals of machine learning and working with data to bring about a useful and valuable analysis,Men's Wear,Computers & Peripherals,Video Games
7/3/2020 8:20:24,Mr.,29,Thailand,Have studied,No Background,More understand,Hobbies & Books,Beauty & Personal Care,Computers & Peripherals
7/3/2020 8:21:22,Ms.,20,Singapore,Have studied,"No Background, Have studied",Able to understand the basics,Food & Beverages,Hobbies & Books,Women's Apparel
7/3/2020 8:28:57,Ms.,23,Singapore,Have used in a project,No Background,knowing how to use python for data science,Jewellery & Accessories,Women's Apparel,Beauty & Personal Care
7/3/2020 8:34:32,Ms.,36,Malaysia,No Background,No Background,Exposure,Food & Beverages,Beauty & Personal Care,Women's Apparel
7/3/2020 8:35:44,Mr.,23,Indonesia,Have used in a project,Have used in a project,get better understanding python in data science project,Video Games,Hobbies & Books,Mobile & Gadgets
7/3/2020 8:37:08,Ms.,20,Singapore,Have studied,No Background,Learning Basics,Food & Beverages,Women's Apparel,Beauty & Personal Care
7/3/2020 8:39:08,Ms.,27,Malaysia,Have studied,No Background,To learn the basics of data science and how to use python in performing data science problems,Hobbies & Books,Women's Apparel,Jewellery & Accessories
7/3/2020 8:40:02,Ms.,25,Taiwai,Have used in a project,Have studied,It’s useful,Hobbies & Books,Beauty & Personal Care,Women's Apparel
7/3/2020 8:58:57,Ms.,23,Taiwan,Have studied,Have studied,"I wish I can be an advanced python programmer, and I can develop something interesting.",Video Games,Computers & Peripherals,Food & Beverages
7/3/2020 9:04:02,Ms.,20,Singapore,No Background,No Background,learn as much as i can,Hobbies & Books,Mobile & Gadgets,Food & Beverages
7/3/2020 9:10:00,Ms.,41,Malaysia,No Background,No Background,Learning python,Hobbies & Books,Women's Apparel,Beauty & Personal Care
7/3/2020 9:26:45,Ms.,19,Singapore,Have studied,No Background,learn the basic of both python and machine learning. Maybe get an insider of the company to have better understanding of the background of the industry,Mobile & Gadgets,Video Games,Jewellery & Accessories
7/3/2020 9:30:37,Mr.,19,Indonesia,Have studied,No Background,I can learn more about python,Food & Beverages,Mobile & Gadgets,Computers & Peripherals
7/3/2020 9:32:48,Mr.,40,Indonesia,Have used in a project,Have used in a project,I like it,Food & Beverages,Hobbies & Books,Computers & Peripherals
7/3/2020 9:34:36,Mr.,21,Philippines,Have used in a project,Have studied,learn,Computers & Peripherals,Hobbies & Books,Mobile & Gadgets
7/3/2020 9:48:27,Ms.,20,Indonesia,Have studied,Have studied,I get knowledge about data scientist with python,Hobbies & Books,Computers & Peripherals,Food & Beverages
7/3/2020 9:49:36,Mr.,20,Indonesia,No Background,No Background,I'm hoping that I could understand the python fundamentals.,Video Games,Hobbies & Books,Watches
7/3/2020 9:50:57,Mr.,19,Malaysia,"Have studied, Have used in a project",No Background,Understand basic functions on machine learning and how to use them,Mobile & Gadgets,Video Games,Video Games
7/3/2020 9:55:59,Ms.,20,Indonesia,Have used in a project,Have studied,"I can get more knowledge about data science, get more hands-on in the course",Beauty & Personal Care,Women's Apparel,Computers & Peripherals
7/3/2020 9:57:46,Ms.,21,Indonesia,Have studied,Have used in a project,"I get information , knowledge and insight",Computers & Peripherals,Computers & Peripherals,Computers & Peripherals
7/3/2020 10:01:01,Ms.,20,Malaysia,Have studied,No Background,Learn useful things in a suitable pace,Beauty & Personal Care,Women's Apparel,Jewellery & Accessories
7/3/2020 10:18:06,Mr.,22,Singapore,Have studied,Have studied,learn sth new about python,Food & Beverages,Computers & Peripherals,Hobbies & Books
7/3/2020 10:29:07,Mr.,20,Singapore,Have studied,No Background,Learn something new,Hobbies & Books,Video Games,Food & Beverages
7/3/2020 10:32:53,Mr.,22,Malaysia,Have studied,Have studied,To learn a more about python and understand it better.,Computers & Peripherals,Video Games,Mobile & Gadgets
7/3/2020 10:52:26,Mr.,32,Singapore,No Background,Have studied,refresh my basic python skills,Food & Beverages,Computers & Peripherals,Mobile & Gadgets
7/3/2020 10:58:51,Mr.,24,Indonesia,Have used in a project,No Background,Get knowledge of machine learning,Video Games,Computers & Peripherals,Men's Wear
7/3/2020 11:07:27,Ms.,23,Taiwai,No Background,No Background,Shopee code league,Women's Apparel,Jewellery & Accessories,Hobbies & Books
7/3/2020 11:15:07,Ms.,20,Singapore,Have studied,No Background,Learn something new,Computers & Peripherals,Mobile & Gadgets,Beauty & Personal Care
7/3/2020 11:23:01,Ms.,20,Malaysia,No Background,Have studied,Learning Python for Data Science,Hobbies & Books,Food & Beverages,Mobile & Gadgets
7/3/2020 11:30:11,Mr.,20,Indonesia,Have studied,Have studied,To know more about Python and how to handle it,Watches,Hobbies & Books,Beauty & Personal Care
7/3/2020 11:33:59,Ms.,22,Singapore,Have used in a project,No Background,To gain more skills and knowledge with regards to data science,Women's Apparel,Jewellery & Accessories,Food & Beverages
7/3/2020 11:38:36,Mr.,24,Indonesia,Have used in a project,Have studied,Discover the important tools in python for data science,Computers & Peripherals,Video Games,Watches
7/3/2020 11:38:43,Mr.,37,Thailand,Have studied,Have studied,case study,Hobbies & Books,Computers & Peripherals,Food & Beverages
7/3/2020 12:16:35,Ms.,19,Singapore,No Background,No Background,Learn python,Hobbies & Books,Computers & Peripherals,Watches
7/3/2020 12:19:02,Ms.,19,Singapore,No Background,No Background,Learn python,Hobbies & Books,Computers & Peripherals,Watches
7/3/2020 12:19:20,Mr.,26,Thailand,Have used in a project,Have studied,to review my python programming skill,Computers & Peripherals,Mobile & Gadgets,Hobbies & Books
7/3/2020 12:28:21,Ms.,23,Taiwai,Have studied,"Have studied, Have used in a project","
Detailed teaching",Beauty & Personal Care,Women's Apparel,Food & Beverages
7/3/2020 12:29:06,Ms.,19,China,Have studied,No Background,"Keep practicing writing scripts with loops, functions, etc.",Food & Beverages,Video Games,Beauty & Personal Care
7/3/2020 12:37:28,Mr.,26,Malaysia,Have studied,No Background,Learning how python is used in Database aspect,Computers & Peripherals,Mobile & Gadgets,Video Games
7/3/2020 12:37:56,Ms.,19,Philippines,No Background,No Background,To learn more and have a wonderful experience while learning.,Food & Beverages,Computers & Peripherals,Beauty & Personal Care
7/3/2020 12:53:05,Ms.,20,Malaysia,Have studied,No Background,learn how to use python to deal with data,Food & Beverages,Jewellery & Accessories,Hobbies & Books
7/3/2020 12:57:09,Mr.,20,Singapore,Have studied,No Background,Gain practical skills,Mobile & Gadgets,Computers & Peripherals,Hobbies & Books
7/3/2020 13:03:06,Ms.,18,Indonesia,Have studied,No Background,I want to know phyton and can operate it,Food & Beverages,Beauty & Personal Care,Computers & Peripherals
7/3/2020 13:09:05,Mr.,22,Indonesia,Have studied,No Background,get more information and knowledge about data science with python,Computers & Peripherals,Video Games,Mobile & Gadgets
7/3/2020 13:22:31,Mr.,23,Taiwai,No Background,No Background,基礎運用,Mobile & Gadgets,Computers & Peripherals,Video Games
7/3/2020 13:43:17,Mr.,28,Taiwai,Have studied,Have studied,Learn about more code knowledge,Food & Beverages,Computers & Peripherals,Watches
7/3/2020 13:46:58,Ms.,13,Indonesia,Have studied,Have studied,.,Food & Beverages,Hobbies & Books,Beauty & Personal Care
7/3/2020 13:51:13,Mr.,30,Indonesia,No Background,No Background,Start learning about Phyton and Machine Learning,Mobile & Gadgets,Hobbies & Books,Food & Beverages
7/3/2020 14:20:40,Ms.,20,Malaysia,Have studied,No Background,learning python to do research and analytics,Women's Apparel,Food & Beverages,Jewellery & Accessories
7/3/2020 14:35:13,Mr.,23,Malaysia,Have studied,Have studied,Some basics on how to use machine learning.,Mobile & Gadgets,Computers & Peripherals,Food & Beverages
7/3/2020 14:42:28,Ms.,26,Malaysia,Have studied,No Background,To learn the basics of python for data science,Hobbies & Books,Mobile & Gadgets,Women's Apparel
7/3/2020 14:43:39,Ms.,23,Malaysia,No Background,Have studied,To gain knowledge on top of my interest in learning python,Women's Apparel,Food & Beverages,Hobbies & Books
7/3/2020 14:44:15,Ms.,22,Malaysia,Have used in a project,Have used in a project,To learn how to use Python is data science use cases,Food & Beverages,Beauty & Personal Care,Women's Apparel
7/3/2020 15:01:21,Ms.,23,Indonesia,Have used in a project,Have studied,more understand using machine learning in real case,Mobile & Gadgets,Food & Beverages,Beauty & Personal Care
7/3/2020 15:12:37,Ms.,20,Malaysia,No Background,No Background,To learn something useful,Mobile & Gadgets,Women's Apparel,Hobbies & Books
7/3/2020 15:16:47,Mr.,29,Indonesia,Have used in a project,Have used in a project,Get used to it,Hobbies & Books,Mobile & Gadgets,Video Games
7/3/2020 15:40:18,Ms.,19,Indonesia,Have used in a project,No Background,To be able understand more about machine learning,Mobile & Gadgets,Beauty & Personal Care,Food & Beverages
7/3/2020 15:47:06,Ms.,27,Taiwai,Have studied,No Background,How to apply skill in real world,Beauty & Personal Care,Women's Apparel,Food & Beverages
7/3/2020 15:50:34,Mr.,32,Malaysia,Have used in a project,Have studied,find back my interest in machine learning,Computers & Peripherals,Mobile & Gadgets,Hobbies & Books
7/3/2020 16:03:12,Mr.,32,Taiwai,Have used in a project,Have used in a project,Learning Data Analysis,Food & Beverages,Men's Wear,Video Games
7/3/2020 16:13:10,Mr.,20,Singapore,Have studied,No Background,Broaden my limited scope of understanding of the usage for python,Mobile & Gadgets,Food & Beverages,Men's Wear
7/3/2020 16:29:47,Ms.,20,Malaysia,Have studied,No Background,Gain further understanding of python programming and how to apply it to data science,Food & Beverages,Jewellery & Accessories,Hobbies & Books
7/3/2020 16:35:02,Mr.,21,Singapore,Have studied,No Background,Hope to brush up/pick up new skills,Computers & Peripherals,Mobile & Gadgets,Food & Beverages
7/3/2020 16:39:06,Ms.,29,Singapore,No Background,No Background,Improve understanding of Python,Beauty & Personal Care,Beauty & Personal Care,Jewellery & Accessories
7/3/2020 16:40:47,Ms.,20,Vietnam,Have studied,No Background,learn new things,Beauty & Personal Care,Hobbies & Books,Women's Apparel
7/3/2020 16:44:33,Mr.,39,Singapore,Have studied,No Background,improve python skills,Mobile & Gadgets,Food & Beverages,Computers & Peripherals
7/3/2020 16:57:20,Ms.,20,Singapore,"Have studied, Have used in a project","No Background, Have studied",Learn,Mobile & Gadgets,Women's Apparel,Beauty & Personal Care
7/3/2020 16:59:48,Mr.,31,Taiwai,Have studied,No Background,Know more Data Science,Computers & Peripherals,Food & Beverages,Video Games
7/3/2020 17:32:58,Mr.,23,Malaysia,Have used in a project,Have used in a project,Just curiosity,Food & Beverages,Hobbies & Books,Men's Wear
7/3/2020 17:48:37,Mr.,24,Thailand,No Background,No Background,Able to understand the principle and structure of the language.,Hobbies & Books,Mobile & Gadgets,Video Games
7/3/2020 18:04:28,Mr.,29,Singapore,Have studied,Have studied,Deepen my knowledge to the software,Mobile & Gadgets,Hobbies & Books,Computers & Peripherals
7/3/2020 18:46:34,Ms.,25,Taiwai,Have used in a project,No Background,learn important algorithms in Python for data analysis,Mobile & Gadgets,Hobbies & Books,Beauty & Personal Care
7/3/2020 18:53:23,Ms.,23,Singapore,Have studied,"No Background, Have studied",-,Hobbies & Books,Women's Apparel,Beauty & Personal Care
7/3/2020 18:57:11,Mr.,26,Singapore,Have used in a project,Have studied,Learn,Computers & Peripherals,Mobile & Gadgets,Food & Beverages
7/3/2020 19:00:50,Mr.,23,Singapore,"No Background, Have studied",No Background,"with my limited amount of knowledge (from doing online lessons), i would like to learn as much as i can",Hobbies & Books,Mobile & Gadgets,Computers & Peripherals
7/3/2020 19:29:51,Ms.,37,Malaysia,Have studied,Have used in a project,Learning,Beauty & Personal Care,Hobbies & Books,Jewellery & Accessories
7/3/2020 19:31:00,Mr.,22,Singapore,Have studied,No Background,Learning how to code with Python.,Mobile & Gadgets,Hobbies & Books,Men's Wear
7/3/2020 19:33:56,Ms.,25,Vietnam,Have studied,No Background,Python fundamental for Data Science,Video Games,Computers & Peripherals,Watches
7/3/2020 19:41:05,Ms.,21,Indonesia,Have studied,No Background,to have more understanding and practical use of python,Beauty & Personal Care,Food & Beverages,Beauty & Personal Care
7/3/2020 19:55:23,Mr.,22,Malaysia,Have studied,Have studied,master in settling problem by using algorithm,Hobbies & Books,Computers & Peripherals,Mobile & Gadgets
7/3/2020 20:08:58,Ms.,12,Indonesia,Have studied,Have studied,Better in using python and learn more about data science,Hobbies & Books,Food & Beverages,Mobile & Gadgets
7/3/2020 20:54:40,Mr.,26,Thailand,Have used in a project,Have studied,to review my python programming skill,Computers & Peripherals,Mobile & Gadgets,Hobbies & Books
7/3/2020 20:55:06,Mr.,22,Malaysia,Have studied,Have studied,"I would be able to more fluently use python and its libraries to conduct data science projects, machine learning et cetera",Video Games,Hobbies & Books,Video Games
7/3/2020 21:01:44,Mr.,21,Singapore,Have used in a project,No Background,Learn more on Data Science using Python,Video Games,Computers & Peripherals,Food & Beverages
7/3/2020 21:17:47,Mr.,20,Vietnam,Have studied,Have studied,To gain new knowlege and improve my coding skill,Computers & Peripherals,Beauty & Personal Care,Hobbies & Books
7/3/2020 21:40:12,Mr.,20,Malaysia,Have studied,No Background,learn something new,Computers & Peripherals,Food & Beverages,Men's Wear
7/3/2020 22:47:34,Ms.,21,Indonesia,Have used in a project,Have studied,have the basics to learn data science,Food & Beverages,Beauty & Personal Care,Food & Beverages
7/4/2020 1:47:22,Ms.,26,Singapore,No Background,No Background,To learn the basics of python,Women's Apparel,Food & Beverages,Beauty & Personal Care
7/4/2020 2:35:13,Mr.,24,Philippines,Have used in a project,Have used in a project,n/a,Mobile & Gadgets,Computers & Peripherals,Video Games
7/4/2020 7:17:37,Mr.,35,Malaysia,No Background,No Background,Gain basic skill in Python,Computers & Peripherals,Food & Beverages,Mobile & Gadgets
7/4/2020 8:18:27,Mr.,23,Malaysia,Have used in a project,Regularly use at work,Learn something,Video Games,Food & Beverages,Mobile & Gadgets
7/4/2020 9:25:47,Mr.,28,Singapore,No Background,No Background,To know more about coding,Food & Beverages,Men's Wear,Computers & Peripherals
7/4/2020 9:48:10,Mr.,22,Indonesia,Have used in a project,Have used in a project,Learn more about machine learning with python,Computers & Peripherals,Hobbies & Books,Jewellery & Accessories
7/4/2020 9:52:39,Ms.,25,Malaysia,No Background,Have studied,To gain more knowledge about machine learning,Women's Apparel,Mobile & Gadgets,Beauty & Personal Care
7/4/2020 10:16:33,Mr.,19,Indonesia,Have studied,Have studied,More experience in python,Video Games,Computers & Peripherals,Mobile & Gadgets
7/4/2020 10:29:41,Mr.,23,Malaysia,Have used in a project,Have used in a project,nothing really,Hobbies & Books,Video Games,Computers & Peripherals
7/4/2020 10:31:42,Ms.,19,Philippines,Have studied,No Background,"Strengthening the knowledge on the basics of Python programming in order to develop effective, useful, and versatile Python skills that will be applicable in various cases",Beauty & Personal Care,Jewellery & Accessories,Women's Apparel
7/4/2020 10:45:30,Mr.,23,Singapore,Have studied,No Background,Learn more about python for data science,Computers & Peripherals,Hobbies & Books,Mobile & Gadgets
7/4/2020 10:48:09,Mr.,23,Indonesia,Have used in a project,Have studied,More expert in Python,Food & Beverages,Computers & Peripherals,Men's Wear
7/4/2020 11:14:04,Mr.,30,Malaysia,Have used in a project,Have studied,Better understanding on AI practices,Computers & Peripherals,Mobile & Gadgets,Video Games
7/4/2020 11:19:21,Ms.,47,Singapore,Have studied,"No Background, Have studied",To learn more,Mobile & Gadgets,Hobbies & Books,Computers & Peripherals
7/4/2020 11:28:54,Mr.,38,Indonesia,Have studied,Have studied,Leveling up my python skill,Computers & Peripherals,Mobile & Gadgets,Hobbies & Books
7/4/2020 11:41:26,Ms.,18,Vietnam,Have studied,No Background,data science insights,Jewellery & Accessories,Food & Beverages,Beauty & Personal Care
7/4/2020 11:44:29,Mr.,20,Malaysia,Have studied,No Background,Good level of understanding of using python,Computers & Peripherals,Computers & Peripherals,Computers & Peripherals
7/4/2020 11:46:59,Ms.,20,Vietnam,Have studied,No Background,Learn more about ML,Beauty & Personal Care,Food & Beverages,Women's Apparel
7/4/2020 11:56:15,Ms.,20,Singapore,Have studied,"No Background, Have studied",To learn more about machine learning and how to apply it,Food & Beverages,Women's Apparel,Hobbies & Books
7/4/2020 12:04:33,Mr.,20,Malaysia,Have studied,No Background,Get introduced into the Python for data science and be familiar with the jargon used.,Hobbies & Books,Computers & Peripherals,Beauty & Personal Care
7/4/2020 12:08:13,Ms.,29,Philippines,Have studied,Have studied,Brush up basic skills and have an idea how Python is used in Data Science,Food & Beverages,Women's Apparel,Beauty & Personal Care
7/4/2020 12:46:10,Mr.,21,Malaysia,Have used in a project,Have studied,Learn about how Data science are used practically,Hobbies & Books,Computers & Peripherals,Mobile & Gadgets
7/4/2020 13:00:55,Ms.,24,Malaysia,Have studied,No Background,Build basic understanding for data science.,Hobbies & Books,Beauty & Personal Care,Jewellery & Accessories
7/4/2020 13:03:24,Ms.,19,Philippines,Have used in a project,Have used in a project,I will learn more about machine learning using python,Women's Apparel,Hobbies & Books,Computers & Peripherals
7/4/2020 13:13:54,Ms.,20,Singapore,No Background,No Background,Learn basics of python,Women's Apparel,Mobile & Gadgets,Beauty & Personal Care
7/4/2020 13:19:54,Mr.,22,Singapore,Have studied,No Background,NIL,Men's Wear,Mobile & Gadgets,Food & Beverages
7/4/2020 13:20:26,Ms.,22,Malaysia,No Background,No Background,Able To Use Python to do Data Science related projects,Hobbies & Books,Women's Apparel,Beauty & Personal Care
7/4/2020 13:25:25,Mr.,20,Malaysia,Have studied,Have studied,learn something new,Computers & Peripherals,Mobile & Gadgets,Hobbies & Books
7/4/2020 14:03:52,Mr.,19,Singapore,Have used in a project,Have studied,I hope to get more ideas and methods of unsupervised AI and machine learning using python,Computers & Peripherals,Men's Wear,Mobile & Gadgets
7/4/2020 14:36:54,Mr.,21,Indonesia,Have studied,No Background,I will get many insight here and improve my skill to solve the problem,Food & Beverages,Beauty & Personal Care,Men's Wear
7/4/2020 14:46:14,Mr.,22,Indonesia,Regularly use at work,Regularly use at work,To understand more about machine learning and getting more relation with anyone with the same enthusiast because i think that i still need much things to learn about python fundamental as much as machine learning advance issues,Mobile & Gadgets,Computers & Peripherals,Hobbies & Books
7/4/2020 15:14:00,Mr.,27,Singapore,Regularly use at work,Have studied,To learn as much as possible,Video Games,Computers & Peripherals,Mobile & Gadgets
7/4/2020 18:28:56,Ms.,20,Singapore,Have studied,No Background,can apply something to other stuff,Women's Apparel,Food & Beverages,Beauty & Personal Care
7/4/2020 18:52:59,Ms.,21,Singapore,Have studied,No Background,Know more about using python for data science,Women's Apparel,Hobbies & Books,Beauty & Personal Care
7/4/2020 21:12:47,Mr.,19,Philippines,No Background,No Background,To be beginner  friendly,Computers & Peripherals,Mobile & Gadgets,Hobbies & Books
7/5/2020 1:10:42,Mr.,18,Indonesia,Have studied,Have studied,Get some experience,Computers & Peripherals,Mobile & Gadgets,Video Games
7/5/2020 9:08:54,Ms.,21,Taiwai,Have studied,No Background,"I want to learn the fundamental python skills because I learned python on my own and have no solid fundation. I have been interested in learning machine learning for a long time, so I’m looking forward to join this workshop.",Women's Apparel,Hobbies & Books,Food & Beverages
7/5/2020 11:54:08,Ms.,20,Singapore,No Background,No Background,learn as much as i can,Hobbies & Books,Mobile & Gadgets,Food & Beverages
7/5/2020 12:12:24,Ms.,25,Indonesia,Have studied,No Background,Get a solid learning path and resources,Beauty & Personal Care,Food & Beverages,Hobbies & Books
7/5/2020 13:41:50,Mr.,50,Singapore,Have studied,Have studied,Learn python for Shoppe competition,Hobbies & Books,Beauty & Personal Care,Men's Wear
7/5/2020 13:48:46,Mr.,21,Malaysia,Have studied,Have studied,know more about data science,Computers & Peripherals,Mobile & Gadgets,Video Games
7/5/2020 14:15:04,Mr.,50,Singapore,Have studied,Have studied,Learn python for Shoppe competition,Hobbies & Books,Beauty & Personal Care,Men's Wear
7/5/2020 14:22:01,Ms.,22,Taiwai,Have used in a project,Have studied,I hope I Get to know complete structure of coding in Python,Hobbies & Books,Beauty & Personal Care,Women's Apparel
7/5/2020 16:01:08,Mr.,21,Malaysia,No Background,No Background,To have a better understanding of python for data science,Men's Wear,Hobbies & Books,Food & Beverages
7/5/2020 19:14:29,Ms.,23,Myanmar,Have used in a project,No Background,Some hands-on exercises to apply new tools,Beauty & Personal Care,Beauty & Personal Care,Beauty & Personal Care
7/5/2020 13:48:46,Mr.,38,Thailand,Have studied,Have studied,know more about data science,Computers & Peripherals,Mobile & Gadgets,Video Games
7/1/2020 15:24:14,Mr.,23,Singapore,Have used in a project,No Background,to gain skills,Men's Wear,Food & Beverages,Computers & Peripherals
7/1/2020 15:49:02,Mr.,23,Singapore,Have studied,Have studied,Learn more about pandas and numpy,Food & Beverages,Video Games,Men's Wear
7/1/2020 16:11:48,Mr.,22,Indonesia,Have studied,Have studied,Skillup in pandas,Hobbies & Books,Computers & Peripherals,Mobile & Gadgets
7/1/2020 16:59:20,Mr.,29,Thailand,Have studied,No Background,Some knowledge,Video Games,Hobbies & Books,Computers & Peripherals
7/1/2020 17:13:08,Mr.,22,Singapore,"Have studied, Have used in a project","Have studied, Have used in a project",Understand more about Numpy and Pandas,Mobile & Gadgets,Hobbies & Books,Computers & Peripherals
7/1/2020 17:07:15,Mr.,19,Philippines,No Background,No Background,More lessons about python,Computers & Peripherals,Mobile & Gadgets,Video Games
7/1/2020 17:17:25,Ms.,23,Singapore,No Background,No Background,To learn more about python after attending the first python class.,Mobile & Gadgets,Beauty & Personal Care,Food & Beverages
7/1/2020 17:18:04,Mr.,19,Indonesia,Have used in a project,Have studied,Know more with Machine Learning,Computers & Peripherals,Mobile & Gadgets,Hobbies & Books
7/1/2020 17:23:08,Mr.,19,Indonesia,Have studied,Have studied,I want to improve my self and develop my programming skill especially Python further,Mobile & Gadgets,Men's Wear,Computers & Peripherals
7/1/2020 17:26:44,Mr.,25,Singapore,Have studied,Have studied,To learn and reinforce fundamentals ,Computers & Peripherals,Mobile & Gadgets,Food & Beverages
7/1/2020 17:28:48,Mr.,23,Singapore,Have used in a project,Have studied,Would like to understand more about machine learning ,Mobile & Gadgets,Computers & Peripherals,Food & Beverages
7/1/2020 17:31:42,Ms.,19,Indonesia,"Have studied, Have used in a project","Have studied, Have used in a project",I could Upgrade my skill in Data science with Python since I am a totally beginner in it so that I can strengthen my basic in it. ,Computers & Peripherals,Jewellery & Accessories,Mobile & Gadgets
7/1/2020 17:40:57,Ms.,20,Singapore,Have studied,No Background,-,Food & Beverages,Beauty & Personal Care,Mobile & Gadgets
7/1/2020 17:43:29,Mr.,45,Singapore,No Background,No Background,More in-depth of python after part 1,Food & Beverages,Mobile & Gadgets,Hobbies & Books
7/1/2020 17:47:41,Ms.,22,Singapore,"No Background, Have studied",No Background,Learn,Jewellery & Accessories,Hobbies & Books,Women's Apparel
7/1/2020 17:48:24,Ms.,21,Singapore,No Background,No Background,Learn and apply,Jewellery & Accessories,Hobbies & Books,Food & Beverages
7/1/2020 18:00:30,Mr.,18,Philippines,Have studied,Have studied,Tips and tricks,Food & Beverages,Men's Wear,Mobile & Gadgets
7/1/2020 18:01:21,Ms.,19,Philippines,No Background,No Background,I will learn about Python.,Beauty & Personal Care,Food & Beverages,Computers & Peripherals
7/1/2020 18:05:56,Ms.,20,Malaysia,No Background,No Background,gain more information on python,Food & Beverages,Women's Apparel,Mobile & Gadgets
7/1/2020 18:06:03,Mr.,20,Philippines,No Background,No Background,I will learn,Mobile & Gadgets,Video Games,Men's Wear
7/1/2020 18:23:12,Ms.,23,Malaysia,No Background,No Background,I can familiar with Python,Hobbies & Books,Mobile & Gadgets,Beauty & Personal Care
7/1/2020 18:38:52,Ms.,26,Singapore,Have studied,No Background,To improve my Python knowledge. ,Hobbies & Books,Beauty & Personal Care,Women's Apparel
7/1/2020 18:44:17,Ms.,24,Singapore,Have studied,No Background,Learning more about Numpy,Beauty & Personal Care,Jewellery & Accessories,Food & Beverages
7/1/2020 18:44:32,Mr.,37,Malaysia,Have studied,Have studied,data science advance like how different layer of neural network works,Computers & Peripherals,Hobbies & Books,Men's Wear
7/1/2020 18:45:14,Mr.,38,Malaysia,Have used in a project,Have used in a project,.,Computers & Peripherals,Video Games,Food & Beverages
7/1/2020 19:04:42,Mr.,21,Singapore,Have used in a project,No Background,Learning something that can get me started on NLP,Video Games,Hobbies & Books,Computers & Peripherals
7/1/2020 19:23:34,Ms.,19,Malaysia,Have studied,No Background,Understand Data Science,Women's Apparel,Beauty & Personal Care,Mobile & Gadgets
7/1/2020 19:25:23,Ms.,22,Indonesia,Have studied,Have studied,Practice using function in pandas and numpy,Beauty & Personal Care,Women's Apparel,Hobbies & Books
7/1/2020 20:26:05,Mr.,22,Singapore,Have used in a project,Have used in a project,Learn about DS,Men's Wear,Hobbies & Books,Mobile & Gadgets
7/1/2020 20:33:34,Mr.,19,Indonesia,Have studied,No Background,Being able to implement what I've learned in the class to small projects or as a foundation for future learning,Video Games,Computers & Peripherals,Hobbies & Books
7/1/2020 20:39:19,Mr.,29,Singapore,Have studied,No Background,Learn more about numpy,Computers & Peripherals,Mobile & Gadgets,Food & Beverages
7/1/2020 20:51:30,Ms.,21,Singapore,No Background,No Background,NIL,Hobbies & Books,Beauty & Personal Care,Women's Apparel
7/1/2020 20:58:15,Mr.,44,Singapore,Regularly use at work,Regularly use at work,Learn more data science use cases,Mobile & Gadgets,Hobbies & Books,Computers & Peripherals
7/1/2020 21:06:57,Mr.,21,Singapore,Have used in a project,No Background,Python Refresher,Mobile & Gadgets,Video Games,Computers & Peripherals
7/1/2020 21:39:25,Ms.,22,Taiwan,Have studied,Have studied,can use python in a project,Video Games,Beauty & Personal Care,Computers & Peripherals
7/1/2020 21:48:38,Mr.,24,Singapore,Have studied,No Background,Understand the basic of using Pandas and Numpy,Mobile & Gadgets,Men's Wear,Watches
7/1/2020 21:50:47,Ms.,20,Malaysia,"No Background, Have used in a project",No Background,Learning numpy! ,Hobbies & Books,Jewellery & Accessories,Women's Apparel
7/1/2020 22:23:14,Mr.,20,Singapore,Have studied,Have studied,Improve my knowledge on data science,Computers & Peripherals,Mobile & Gadgets,Hobbies & Books
7/1/2020 22:28:08,Ms.,20,Malaysia,Have studied,Have studied,Understand data science better ,Mobile & Gadgets,Beauty & Personal Care,Computers & Peripherals
7/1/2020 22:38:53,Ms.,24,Malaysia,No Background,No Background,have a concept on python language and machine learning,Food & Beverages,Women's Apparel,Beauty & Personal Care
7/1/2020 22:40:56,Mr.,19,Indonesia,Have used in a project,Have studied,I can improve my skill,Computers & Peripherals,Food & Beverages,Mobile & Gadgets
7/1/2020 23:05:43,Mr.,28,Singapore,Have studied,No Background,Upskill python,Food & Beverages,Men's Wear,Mobile & Gadgets
7/1/2020 23:33:53,Mr.,17,Indonesia,Have used in a project,Have studied,Mastering Python even more,Food & Beverages,Mobile & Gadgets,Computers & Peripherals
7/2/2020 1:47:46,Mr.,22,Thailand,Have used in a project,Have used in a project,Knowledge,Computers & Peripherals,Beauty & Personal Care,Food & Beverages
7/2/2020 7:16:55,Mr.,28,Indonesia,Have used in a project,Have used in a project,knowing the material,Computers & Peripherals,Video Games,Mobile & Gadgets
7/2/2020 7:42:46,Mr.,30,Malaysia,Have used in a project,Have used in a project,solving real world problems,Computers & Peripherals,Beauty & Personal Care,Men's Wear
7/2/2020 9:17:23,Ms.,21,China,Have studied,No Background,learning python,Women's Apparel,Hobbies & Books,Food & Beverages
7/2/2020 9:44:10,Mr.,19,Singapore,No Background,No Background,To learn more about python and machine learning,Food & Beverages,Hobbies & Books,Mobile & Gadgets
7/2/2020 9:45:19,Ms.,19,Malaysia,Have studied,No Background,Become more familiar with Python ,Women's Apparel,Hobbies & Books,Jewellery & Accessories
7/2/2020 10:43:45,Mr.,22,Malaysia,Have studied,No Background,Learning ,Beauty & Personal Care,Computers & Peripherals,Food & Beverages
7/2/2020 11:01:18,Mr.,23,Indonesia,Have studied,No Background,I will increase my data science skill after attending module 1 and this course,Food & Beverages,Mobile & Gadgets,Video Games
7/2/2020 11:06:52,Ms.,20,Malaysia,Have studied,No Background,Learn more about bot,Food & Beverages,Women's Apparel,Hobbies & Books
7/2/2020 11:09:36,Ms.,16,Singapore,Have used in a project,No Background,to learn about python use in data science,Beauty & Personal Care,Women's Apparel,Hobbies & Books
7/2/2020 11:12:46,Mr.,20,Taiwan,Have studied,No Background,Learn more about data science knowledge,Food & Beverages,Computers & Peripherals,Video Games
7/2/2020 12:02:52,Mr.,17,Malaysia,Regularly use at work,Have used in a project,To learn the practical use of data science and machine learning,Food & Beverages,Video Games,Mobile & Gadgets
7/2/2020 12:37:23,Mr.,18,Vietnam,Have studied,Have studied,I expect to fully understand the materials related.,Video Games,Computers & Peripherals,Food & Beverages
7/2/2020 12:38:36,Mr.,18,Vietnam,Have studied,Have studied,I expect to fully understand the materials related.,Video Games,Computers & Peripherals,Food & Beverages
7/2/2020 12:46:11,Ms.,20,Singapore,Have studied,No Background,Gain better understanding in the use of pandas and numpy in python for data sci,Women's Apparel,Food & Beverages,Jewellery & Accessories
7/2/2020 13:04:24,Ms.,27,Indonesia,No Background,No Background,To learn data science.,Beauty & Personal Care,Computers & Peripherals,Mobile & Gadgets
7/2/2020 13:31:20,Mr.,19,Indonesia,Have studied,Have studied,"learn and gain experience
about python and machine learning",Computers & Peripherals,Mobile & Gadgets,Food & Beverages
7/2/2020 13:38:22,Mr.,20,Thailand,Have studied,No Background,I want to be able to use python more efficiently.,Video Games,Hobbies & Books,Food & Beverages
7/2/2020 14:07:32,Mr.,19,Indonesia,Have studied,No Background,Learning more about python for data science purposes,Video Games,Men's Wear,Food & Beverages
7/2/2020 14:40:25,Ms.,25,Taiwai,Have used in a project,No Background,How to use Numpy and Pandas,Jewellery & Accessories,Beauty & Personal Care,Food & Beverages
7/2/2020 15:08:30,Ms.,19,Singapore,No Background,No Background,learning new things about python,Women's Apparel,Hobbies & Books,Beauty & Personal Care
7/2/2020 15:55:23,Mr.,22,Singapore,Have studied,No Background,Learn about real world applications of python,Men's Wear,Mobile & Gadgets,Video Games
7/2/2020 16:34:15,Ms.,22,Malaysia,No Background,No Background,Learn something new,Mobile & Gadgets,Hobbies & Books,Women's Apparel
7/2/2020 16:37:15,Mr.,24,Singapore,"Have studied, Have used in a project",No Background,nil,Hobbies & Books,Mobile & Gadgets,Computers & Peripherals
7/2/2020 16:55:13,Ms.,20,Singapore,Have studied,No Background,Learn more about python!,Women's Apparel,Jewellery & Accessories,Hobbies & Books
7/2/2020 17:03:33,Mr.,21,Singapore,Have studied,No Background,To be able to apply on a basic foundation,Video Games,Food & Beverages,Mobile & Gadgets
7/2/2020 18:19:23,Mr.,22,Indonesia,"Have studied, Have used in a project","Have studied, Have used in a project",Getting to know better how to use pandas and numpy as efficient as possible,Beauty & Personal Care,Men's Wear,Video Games
7/2/2020 18:35:02,Mr.,18,Indonesia,Have studied,No Background,know more about python,Computers & Peripherals,Men's Wear,Video Games
7/2/2020 18:38:40,Mr.,16,Indonesia,Have studied,No Background,-,Hobbies & Books,Computers & Peripherals,Men's Wear
7/2/2020 18:38:40,Ms.,20,Singapore,Have studied,No Background,Understand numpy and pandas,Women's Apparel,Jewellery & Accessories,Beauty & Personal Care
7/2/2020 18:44:45,Mr.,25,Philippines,Have studied,No Background,How to use pandas and numpy for analyzing data,Food & Beverages,Computers & Peripherals,Video Games
7/2/2020 19:12:33,Ms.,20,Malaysia,No Background,No Background,learn more computer language,Women's Apparel,Beauty & Personal Care,Hobbies & Books
7/2/2020 19:23:51,Ms.,20,Malaysia,Have studied,Have studied,learning data science,Mobile & Gadgets,Hobbies & Books,Computers & Peripherals
7/2/2020 20:30:10,Mr.,20,Malaysia,No Background,No Background,to learn more about ML with python,Mobile & Gadgets,Computers & Peripherals,Video Games
7/2/2020 20:31:56,Ms.,20,Singapore,Have studied,No Background,learn more about numpy and pandas,Women's Apparel,Food & Beverages,Hobbies & Books
7/2/2020 20:39:39,Ms.,42,Singapore,No Background,No Background,Able to pick up python fast,Beauty & Personal Care,Computers & Peripherals,Food & Beverages
7/2/2020 20:46:23,Ms.,19,Thailand,Have studied,No Background,to continue studying from botnoi 1,Beauty & Personal Care,Hobbies & Books,Jewellery & Accessories
7/2/2020 21:56:18,Ms.,20,Taiwai,Have studied,No Background,"Learn packages to help solve problems more efficiently, and know how to think in different ways ",Hobbies & Books,Women's Apparel,Beauty & Personal Care
7/2/2020 22:11:25,Ms.,23,China,No Background,No Background,To understand more about Python,Beauty & Personal Care,Women's Apparel,Food & Beverages
7/2/2020 22:31:17,Mr.,22,Philippines,Have used in a project,Have studied,more knowledge to be gajned,Mobile & Gadgets,Computers & Peripherals,Men's Wear
7/2/2020 22:43:45,Ms.,23,Singapore,Have studied,No Background,Learn python,Beauty & Personal Care,Jewellery & Accessories,Video Games
7/2/2020 22:44:01,Mr.,25,Singapore,Have studied,Have studied,Learning to optimise my pandas skills,Watches,Video Games,Men's Wear
7/2/2020 22:44:49,Mr.,23,Singapore,Have studied,No Background,gain as much knowledge as I can,Men's Wear,Food & Beverages,Beauty & Personal Care
7/2/2020 22:45:32,Mr.,46,Thailand,Have used in a project,Have studied,Learn more about Data Science ,Computers & Peripherals,Hobbies & Books,Mobile & Gadgets
7/2/2020 22:45:44,Mr.,20,Indonesia,Have studied,No Background,get to know python data science better,Computers & Peripherals,Mobile & Gadgets,Beauty & Personal Care
7/2/2020 22:46:31,Mr.,32,Taiwai,Have used in a project,Have used in a project,Something interesting,Computers & Peripherals,Hobbies & Books,Mobile & Gadgets
7/2/2020 22:47:09,Mr.,20,Malaysia,Have studied,No Background,I can apply this with my studies,Video Games,Hobbies & Books,Men's Wear
7/2/2020 22:47:38,Mr.,24,Singapore,Have used in a project,Have used in a project,To improve my data manipulation skills in numpy and pandas,Computers & Peripherals,Mobile & Gadgets,Video Games
7/2/2020 22:49:23,Ms.,20,Singapore,Have studied,No Background,"Easy to follow and learn, notes provided ",Women's Apparel,Jewellery & Accessories,Hobbies & Books
7/2/2020 22:49:59,Mr.,22,Singapore,Have studied,No Background,Get some exposure,Computers & Peripherals,Hobbies & Books,Men's Wear
7/2/2020 22:51:54,Ms.,21,Malaysia,No Background,No Background,Learn and develop something new,Mobile & Gadgets,Beauty & Personal Care,Hobbies & Books
7/2/2020 22:53:02,Ms.,21,Singapore,No Background,No Background,To learn more about how coding logic can be applied to data science ,Women's Apparel,Food & Beverages,Hobbies & Books
7/2/2020 22:54:11,Mr.,21,Malaysia,No Background,Have studied,Able to learn something new. ,Mobile & Gadgets,Food & Beverages,Computers & Peripherals
7/2/2020 22:57:24,Ms.,20,Malaysia,Have studied,Have studied,/,Hobbies & Books,Mobile & Gadgets,Jewellery & Accessories
7/2/2020 22:58:45,Ms.,21,Malaysia,Have studied,Have used in a project,Know more about packages in Python and able to utilise it efficiently ,Beauty & Personal Care,Hobbies & Books,Women's Apparel
7/2/2020 22:58:50,Ms.,20,Singapore,Have studied,No Background,To gain more understanding about how numpys and pandas are used and applications of it in data science,Beauty & Personal Care,Hobbies & Books,Women's Apparel
7/2/2020 23:00:13,Ms.,21,Thailand,Have studied,Have studied,More familiar with python and machine learning,Beauty & Personal Care,Food & Beverages,Mobile & Gadgets
7/2/2020 23:05:33,Ms.,21,Singapore,Have studied,No Background,Better understanding ,Beauty & Personal Care,Women's Apparel,Jewellery & Accessories
7/2/2020 23:06:33,Ms.,23,Indonesia,Have studied,Have studied,Understand the pandas and numpy library,Hobbies & Books,Beauty & Personal Care,Women's Apparel
7/2/2020 23:07:39,Mr.,23,Philippines,Have used in a project,Have studied,Learn more about Python,Computers & Peripherals,Mobile & Gadgets,Jewellery & Accessories
7/2/2020 23:10:46,Ms.,22,Malaysia,Have studied,No Background,More python skills,Hobbies & Books,Beauty & Personal Care,Computers & Peripherals
7/2/2020 23:14:19,Ms.,22,Philippines,Regularly use at work,Have studied,Learn more on how to use machine learning in solving everday problems.,Beauty & Personal Care,Hobbies & Books,Food & Beverages
7/2/2020 23:16:01,Ms.,0,Malaysia,No Background,Have studied,To learn,Hobbies & Books,Mobile & Gadgets,Beauty & Personal Care
7/2/2020 23:19:16,Mr.,22,Singapore,Have studied,No Background,Learning numpy and python,Video Games,Watches,Men's Wear
7/2/2020 23:32:55,Ms.,19,Singapore,Have studied,No Background,Learn more about data science,Women's Apparel,Food & Beverages,Hobbies & Books
7/2/2020 23:33:40,Mr.,25,Singapore,Have studied,No Background,Solidify my fundamentals in python and machine learning and work on projects,Computers & Peripherals,Mobile & Gadgets,Video Games
7/2/2020 23:37:00,Ms.,22,Malaysia,Have studied,Have studied,Learn to code,Food & Beverages,Beauty & Personal Care,Women's Apparel
7/2/2020 23:37:07,Ms.,20,Singapore,Have studied,Have studied,Gain greater depth of knowledge ,Jewellery & Accessories,Mobile & Gadgets,Beauty & Personal Care
7/2/2020 23:38:24,Ms.,23,Taiwan,Have studied,No Background,learn anything,Beauty & Personal Care,Hobbies & Books,Women's Apparel
7/2/2020 23:50:08,Ms.,24,Singapore,Have studied,No Background,Build up python skills for data science ,Food & Beverages,Beauty & Personal Care,Women's Apparel
7/3/2020 0:03:41,Mr.,25,Singapore,Have studied,No Background,To learn more about Numpy and Pandas library,Food & Beverages,Mobile & Gadgets,Hobbies & Books
7/3/2020 0:18:52,Ms.,26,Taiwai,Have studied,Have studied,learn how to use python in practical cases,Hobbies & Books,Beauty & Personal Care,Computers & Peripherals
7/3/2020 0:53:38,Mr.,23,Malaysia,Have studied,Have studied,Data analysis skills ,Hobbies & Books,Computers & Peripherals,Men's Wear
7/3/2020 1:11:40,Mr.,22,Indonesia,Have studied,Have studied,get to know better understanding to machine learning,Video Games,Computers & Peripherals,Men's Wear
7/3/2020 1:52:33,Mr.,40,Singapore,Have studied,No Background,to build upon my knowledge using Python for data science - i've signed up for part 1 conducted by BotNoi as well,Hobbies & Books,Video Games,Watches
7/3/2020 2:14:40,Mr.,25,Singapore,Have used in a project,Have used in a project,Learn,Computers & Peripherals,Hobbies & Books,Jewellery & Accessories
7/3/2020 2:42:57,Ms.,27,Malaysia,No Background,No Background,Learn from basic,Hobbies & Books,Women's Apparel,Food & Beverages
7/3/2020 4:17:38,Mr.,36,Philippines,Have studied,Have studied,Practical examples,Hobbies & Books,Computers & Peripherals,Mobile & Gadgets
7/3/2020 4:39:43,Mr.,20,Indonesia,Have used in a project,Have studied,Learning some new things about Numpy and Pandas,Computers & Peripherals,Mobile & Gadgets,Video Games
7/3/2020 6:14:30,Ms.,24,Indonesia,Have used in a project,Have used in a project,improve my knowledge on python and ml,Women's Apparel,Food & Beverages,Hobbies & Books
7/3/2020 7:03:31,Ms.,38,Malaysia,No Background,No Background,To understand the fundamental of python ,Mobile & Gadgets,Computers & Peripherals,Hobbies & Books
7/3/2020 7:56:59,Mr.,47,Malaysia,Have studied,No Background,learn more understanding about the topic,Computers & Peripherals,Food & Beverages,Mobile & Gadgets
7/3/2020 8:05:10,Mr.,20,Singapore,No Background,No Background,Learn python and data science,Mobile & Gadgets,Computers & Peripherals,Jewellery & Accessories
7/3/2020 8:08:45,Mr.,30,Indonesia,Have studied,Have studied,I want to understand python using numpy and pandas for data science,Computers & Peripherals,Mobile & Gadgets,Men's Wear
7/3/2020 8:20:30,Mr.,23,Singapore,Have studied,"No Background, Have studied","To learn more about machine learning
",Men's Wear,Watches,Hobbies & Books
7/3/2020 8:23:15,Ms.,20,Singapore,Have studied,No Background,Can understand the basics,Food & Beverages,Hobbies & Books,Women's Apparel
7/3/2020 8:34:04,Ms.,23,Singapore,Have used in a project,No Background,know how to use pandas ,Jewellery & Accessories,Women's Apparel,Beauty & Personal Care
7/3/2020 8:38:51,Mr.,23,Indonesia,Have used in a project,Have used in a project,better understanding in python usage,Video Games,Food & Beverages,Mobile & Gadgets
7/3/2020 9:02:01,Ms.,23,Taiwan,Have studied,Have studied,I wish I can be an advanced python programmer.,Video Games,Computers & Peripherals,Food & Beverages
7/3/2020 9:06:31,Ms.,20,Singapore,No Background,No Background,learn as much as i can,Hobbies & Books,Mobile & Gadgets,Food & Beverages
7/3/2020 9:07:46,Mr.,24,Singapore,Have used in a project,Have used in a project,To be able to improve  on my current project,Mobile & Gadgets,Food & Beverages,Video Games
7/3/2020 9:12:02,Ms.,41,Malaysia,No Background,No Background,Learning python,Beauty & Personal Care,Hobbies & Books,Women's Apparel
7/3/2020 9:19:04,Mr.,22,Singapore,Have studied,Have studied,Learning abt numpy,Mobile & Gadgets,Computers & Peripherals,Watches
7/3/2020 9:29:29,Ms.,19,Singapore,Have studied,No Background,get to understand more about data science,Food & Beverages,Mobile & Gadgets,Jewellery & Accessories
7/3/2020 9:34:56,Mr.,40,Indonesia,Have used in a project,Have used in a project,Be Smart,Food & Beverages,Hobbies & Books,Computers & Peripherals
7/3/2020 9:53:41,Ms.,20,Indonesia,Have studied,Have studied,I get new knowledge about data scientist,Hobbies & Books,Computers & Peripherals,Food & Beverages
7/3/2020 9:56:34,Mr.,20,Indonesia,No Background,No Background,I'm hoping that I can understand the basic fundamentals library in python like pandas and numpy.,Video Games,Hobbies & Books,Watches
7/3/2020 9:58:33,Ms.,20,Indonesia,Have used in a project,Have studied,get more knowledge about data science,Beauty & Personal Care,Women's Apparel,Computers & Peripherals
7/3/2020 10:30:28,Mr.,20,Singapore,Have studied,No Background,Learn something new,Hobbies & Books,Video Games,Food & Beverages
7/3/2020 10:38:07,Mr.,26,India,Have used in a project,Have used in a project,To better understand ML using Python,Mobile & Gadgets,Men's Wear,Computers & Peripherals
7/3/2020 10:54:24,Mr.,32,Singapore,No Background,Have studied,refresh basic python skills,Food & Beverages,Computers & Peripherals,Mobile & Gadgets
7/3/2020 11:07:19,Ms.,20,Singapore,Have studied,No Background,To have more insights,Women's Apparel,Food & Beverages,Jewellery & Accessories
7/3/2020 11:14:02,Ms.,23,Taiwai,No Background,No Background,Shopee Code League ,Women's Apparel,Jewellery & Accessories,Hobbies & Books
7/3/2020 11:16:23,Ms.,20,Singapore,Have studied,No Background,Learn something new ,Computers & Peripherals,Hobbies & Books,Beauty & Personal Care
7/3/2020 11:23:45,Ms.,20,Malaysia,No Background,Have studied,Numpy and Pandas in Python,Hobbies & Books,Food & Beverages,Mobile & Gadgets
7/3/2020 11:34:53,Ms.,22,Singapore,Have used in a project,No Background,gain skills and knowledge with regards to data science,Women's Apparel,Jewellery & Accessories,Food & Beverages
7/3/2020 12:20:41,Mr.,26,Thailand,Have used in a project,Have studied,to review my python programming skill,Computers & Peripherals,Mobile & Gadgets,Hobbies & Books
7/3/2020 12:30:25,Ms.,19,China,Have studied,No Background,Reinforce what I've already known about Numpy and Pandas.,Food & Beverages,Video Games,Beauty & Personal Care
7/3/2020 12:55:32,Ms.,20,Malaysia,Have studied,No Background,learning how to deal with the data using python ,Food & Beverages,Jewellery & Accessories,Hobbies & Books
7/3/2020 12:58:31,Mr.,20,Singapore,Have studied,No Background,Gaining Practical Skills,Mobile & Gadgets,Computers & Peripherals,Hobbies & Books
7/3/2020 13:21:18,Mr.,23,Taiwai,No Background,No Background,基礎運用,Mobile & Gadgets,Hobbies & Books,Computers & Peripherals
7/3/2020 14:12:53,Ms.,21,Malaysia,Have studied,No Background,Familiar with common use pandas and numpy libraries,Hobbies & Books,Food & Beverages,Computers & Peripherals
7/3/2020 14:22:55,Ms.,20,Malaysia,Have studied,No Background,learning python to do research and analytics,Women's Apparel,Food & Beverages,Jewellery & Accessories
7/3/2020 14:38:55,Mr.,23,Malaysia,Have studied,Have studied,To use python with machine learning.,Mobile & Gadgets,Computers & Peripherals,Food & Beverages
7/3/2020 14:43:12,Ms.,26,Malaysia,Have studied,No Background,Part 2 of the first course so would like to continue learning ,Hobbies & Books,Mobile & Gadgets,Women's Apparel
7/3/2020 14:49:12,Ms.,20,Singapore,No Background,No Background,learn as much as i can,Hobbies & Books,Mobile & Gadgets,Food & Beverages
7/3/2020 14:52:32,Ms.,23,Malaysia,Have studied,No Background,to learn about functions of numpy and pandas and the syntax,Women's Apparel,Beauty & Personal Care,Mobile & Gadgets
7/3/2020 15:13:52,Ms.,20,Malaysia,No Background,No Background,Learning,Hobbies & Books,Mobile & Gadgets,Women's Apparel
7/3/2020 15:15:35,Mr.,29,Indonesia,Have used in a project,Have used in a project,Get used to ut,Hobbies & Books,Computers & Peripherals,Video Games
7/3/2020 15:16:24,Ms.,30,Singapore,Have studied,No Background,To learn about python.,Beauty & Personal Care,Jewellery & Accessories,Food & Beverages
7/3/2020 16:05:26,Mr.,32,Taiwai,Have used in a project,Have used in a project,Learn some analysis skills ,Food & Beverages,Men's Wear,Video Games
7/3/2020 16:35:52,Ms.,20,Malaysia,Have studied,No Background,Gain further understanding in how to use python and how to apply it to data science,Food & Beverages,Jewellery & Accessories,Hobbies & Books
7/3/2020 16:36:41,Mr.,21,Singapore,Have studied,No Background,Hope to pick up new skills,Computers & Peripherals,Mobile & Gadgets,Food & Beverages
7/3/2020 16:55:28,Ms.,20,Singapore,"Have studied, Have used in a project",Have studied,Gain knowledge,Mobile & Gadgets,Women's Apparel,Beauty & Personal Care
7/3/2020 17:02:04,Mr.,31,Taiwai,Have studied,No Background,Know more about  Data Science ,Computers & Peripherals,Food & Beverages,Video Games
7/3/2020 17:50:03,Mr.,24,Thailand,No Background,No Background,More understanding about principle and structure of the language. Then apply to the projects,Hobbies & Books,Mobile & Gadgets,Video Games
7/3/2020 17:54:30,Ms.,23,Taiwai,No Background,Have studied,Analyze data with python ,Women's Apparel,Beauty & Personal Care,Computers & Peripherals
7/3/2020 18:05:30,Mr.,29,Singapore,Have studied,Have studied,Deepen knowledge,Computers & Peripherals,Hobbies & Books,Mobile & Gadgets
7/3/2020 19:01:22,Mr.,23,Singapore,No Background,No Background,learn as much as i can,Hobbies & Books,Mobile & Gadgets,Computers & Peripherals
7/3/2020 19:27:36,Ms.,37,Malaysia,Have studied,Have used in a project,Learning,Beauty & Personal Care,Computers & Peripherals,Hobbies & Books
7/3/2020 19:34:32,Mr.,22,Singapore,Have studied,No Background,Learning how to code with Python. ,Mobile & Gadgets,Hobbies & Books,Men's Wear
7/3/2020 19:38:46,Ms.,25,Vietnam,Have studied,No Background,Python fundamental for Data Science,Video Games,Computers & Peripherals,Watches
7/3/2020 21:19:56,Mr.,20,Vietnam,Have studied,Have studied,To gain new knowledge,Computers & Peripherals,Beauty & Personal Care,Hobbies & Books
7/3/2020 22:59:07,Mr.,23,Singapore,Have used in a project,No Background,To learn the fundamentals of data science,Men's Wear,Food & Beverages,Computers & Peripherals
7/4/2020 7:28:15,Mr.,26,Malaysia,Have studied,Have studied,Explore new thing,Computers & Peripherals,Food & Beverages,Hobbies & Books
7/4/2020 9:49:19,Mr.,22,Indonesia,Have used in a project,Have used in a project,Learn more about machine learning with python,Computers & Peripherals,Jewellery & Accessories,Computers & Peripherals
7/4/2020 10:46:37,Mr.,23,Singapore,Have studied,No Background,Learn more about python for data science,Computers & Peripherals,Hobbies & Books,Mobile & Gadgets
7/4/2020 11:20:05,Ms.,47,Singapore,Have studied,No Background,Hope to advance my skills,Mobile & Gadgets,Hobbies & Books,Computers & Peripherals
7/4/2020 11:28:29,Mr.,28,China,Have used in a project,Have used in a project,learn more ML ,Video Games,Hobbies & Books,Mobile & Gadgets
7/4/2020 12:10:58,Ms.,29,Philippines,Have studied,Have studied,Understand Numpy and Panda. And learn it's actual application in data science,Food & Beverages,Women's Apparel,Beauty & Personal Care
7/4/2020 12:58:29,Ms.,24,Malaysia,Have studied,No Background,Increase understanding about data science,Hobbies & Books,Beauty & Personal Care,Jewellery & Accessories
7/4/2020 13:01:02,Ms.,19,Philippines,Regularly use at work,Regularly use at work,I will learn how to use python for data science,Women's Apparel,Mobile & Gadgets,Computers & Peripherals
7/4/2020 13:14:32,Ms.,20,Singapore,No Background,No Background,Learn basics of python,Women's Apparel,Mobile & Gadgets,Beauty & Personal Care
7/4/2020 13:42:44,Mr.,25,Indonesia,Have used in a project,Have studied,increase knowledge,Computers & Peripherals,Hobbies & Books,Mobile & Gadgets
7/4/2020 14:19:17,Ms.,20,Indonesia,Regularly use at work,Have used in a project,"I want to learn more about data science, especially for the application of numpy and pandas library in it.",Beauty & Personal Care,Food & Beverages,Video Games
7/4/2020 18:28:16,Ms.,20,Singapore,Have studied,No Background,Learn a new skill that can be applied,Beauty & Personal Care,Women's Apparel,Food & Beverages
7/4/2020 18:51:53,Ms.,21,Singapore,Have studied,No Background,Know more about numpy and pandas for data science ,Women's Apparel,Hobbies & Books,Beauty & Personal Care
7/5/2020 11:54:06,Ms.,20,Singapore,No Background,No Background,learn as much as i can,Hobbies & Books,Mobile & Gadgets,Food & Beverages
7/5/2020 12:09:23,Ms.,25,Indonesia,Have studied,No Background,Form a solid foundation on learning data science ,Beauty & Personal Care,Food & Beverages,Hobbies & Books
7/5/2020 13:43:36,Mr.,50,Singapore,"Have studied, Have used in a project","Have studied, Have used in a project",Learn immediate python,Food & Beverages,Women's Apparel,Video Games
7/5/2020 13:47:30,Mr.,21,Malaysia,Have studied,Have studied,know more about data science,Computers & Peripherals,Mobile & Gadgets,Video Games
7/5/2020 14:13:45,Mr.,50,Singapore,"Have studied, Have used in a project","Have studied, Have used in a project",Learn immediate python,Food & Beverages,Women's Apparel,Video Games
7/5/2020 14:14:42,Ms.,22,Taiwai,Have used in a project,Have studied,To have  a better idea in How it works in Python and data ,Hobbies & Books,Beauty & Personal Care,Women's Apparel
7/5/2020 14:24:58,Ms.,24,Taiwan,Have used in a project,No Background,agility between Numpy and Pandas,Beauty & Personal Care,Food & Beverages,Women's Apparel
7/5/2020 16:07:19,Mr.,21,Malaysia,No Background,No Background,To learn how to write scripts in python ,Men's Wear,Hobbies & Books,Food & Beverages
7/5/2020 18:04:25,Ms.,30,Indonesia,Have used in a project,Have used in a project,Learn python for data science,Food & Beverages,Beauty & Personal Care,Hobbies & Books
7/5/2020 20:57:21,Ms.,21,Singapore,Have studied,Have used in a project,Knowing more about Python and Numpy for data transformation,Women's Apparel,Beauty & Personal Care,Mobile & Gadgets
7/6/2020 7:43:49,Mr.,13,Singapore,Have used in a project,Have studied,-,Computers & Peripherals,Men's Wear,Mobile & Gadgets
7/6/2020 8:55:18,Mr.,22,Singapore,Have studied,No Background,learn more about how python is used for ds,Hobbies & Books,Men's Wear,Food & Beverages