,Name,Type 1,HP,Attack,Defense,Sp. Atk,Sp. Def,Speed,Total,Generation,Legendary
520,Yanmega,Bug,86,76,86,116,56,95,515,4,False
698,Volcarona,Bug,85,60,65,135,105,100,550,5,False
734,Vivillon,Bug,80,52,50,90,50,89,411,6,False
232,HeracrossMega Heracross,Bug,80,185,115,40,105,75,600,2,False
231,Heracross,Bug,80,125,75,40,95,85,500,2,False
678,Accelgor,Bug,80,70,40,100,60,145,495,5,False
447,Kricketune,Bug,77,85,51,55,51,65,384,4,False
602,Leavanny,Bug,75,103,80,70,80,92,500,5,False
220,Forretress,Bug,75,90,140,60,60,40,465,2,False
717,Genesect,Bug,71,120,95,120,95,99,600,5,False
463,Vespiquen,Bug,70,80,102,80,102,40,474,4,False
54,Venomoth,Bug,70,65,60,90,75,90,450,1,False
132,Scyther,Bug,70,110,80,55,80,105,500,1,False
229,ScizorMega Scizor,Bug,70,150,140,65,100,75,600,2,False
228,Scizor,Bug,70,130,100,55,80,65,500,2,False
461,Mothim,Bug,70,94,50,94,50,66,424,4,False
308,Masquerain,Bug,70,60,62,80,82,60,414,3,False
657,Galvantula,Bug,70,77,60,97,60,108,472,5,False
650,Escavalier,Bug,70,135,105,60,105,20,495,5,False
619,Crustle,Bug,70,95,125,65,75,45,475,5,False
182,Ariados,Bug,70,90,70,60,60,40,390,2,False
208,Yanma,Bug,65,65,45,75,45,95,390,2,False
342,Volbeat,Bug,65,73,55,47,75,85,400,3,False
137,PinsirMega Pinsir,Bug,65,155,120,65,90,105,600,1,False
136,Pinsir,Bug,65,125,100,55,70,85,500,1,False
343,Illumise,Bug,65,47,55,73,75,85,400,3,False
19,BeedrillMega Beedrill,Bug,65,150,40,15,80,145,495,1,False
18,Beedrill,Bug,65,90,40,45,80,75,395,1,False
315,Ninjask,Bug,61,90,45,50,50,160,456,3,False
460,WormadamTrash Cloak,Bug,60,69,95,69,95,36,424,4,False
459,WormadamSandy Cloak,Bug,60,79,105,59,85,36,424,4,False
458,WormadamPlant Cloak,Bug,60,59,85,79,105,36,424,4,False
53,Venonat,Bug,60,55,50,40,55,45,305,1,False
605,Scolipede,Bug,60,100,89,55,69,112,485,5,False
52,Parasect,Bug,60,95,80,60,80,30,405,1,False
292,Dustox,Bug,60,50,70,50,90,65,385,3,False
15,Butterfree,Bug,60,45,50,90,80,70,395,1,False
290,Beautifly,Bug,60,70,50,100,50,65,395,3,False
693,Durant,Bug,58,109,112,48,48,109,484,5,False
601,Swadloon,Bug,55,63,90,50,80,42,380,5,False
180,Ledian,Bug,55,35,50,55,110,85,390,2,False
697,Larvesta,Bug,55,85,55,50,55,60,360,5,False
289,Silcoon,Bug,50,35,55,25,25,15,205,3,False
677,Shelmet,Bug,50,40,85,40,65,25,305,5,False
219,Pineco,Bug,50,65,90,35,35,15,290,2,False
14,Metapod,Bug,50,20,55,25,25,30,205,1,False
649,Karrablast,Bug,50,75,45,40,45,60,315,5,False
656,Joltik,Bug,50,47,50,57,50,65,319,5,False
618,Dwebble,Bug,50,65,85,35,35,55,325,5,False
291,Cascoon,Bug,50,35,55,25,25,15,205,3,False
288,Wurmple,Bug,45,45,35,20,30,20,195,3,False
733,Spewpa,Bug,45,22,60,27,30,29,213,6,False
600,Sewaddle,Bug,45,53,70,40,60,42,310,5,False
17,Kakuna,Bug,45,25,50,25,25,35,205,1,False
13,Caterpie,Bug,45,30,35,20,20,45,195,1,False
604,Whirlipede,Bug,40,55,99,40,79,47,360,5,False
16,Weedle,Bug,40,35,30,20,20,50,195,1,False
307,Surskit,Bug,40,30,32,50,52,65,269,3,False
181,Spinarak,Bug,40,60,40,40,40,30,250,2,False
179,Ledyba,Bug,40,20,30,40,80,55,265,2,False
457,Burmy,Bug,40,29,45,29,45,36,224,4,False
732,Scatterbug,Bug,38,35,40,27,25,35,200,6,False
446,Kricketot,Bug,37,25,41,25,41,25,194,4,False
51,Paras,Bug,35,70,55,45,55,25,285,1,False
314,Nincada,Bug,31,45,90,30,30,40,266,3,False
603,Venipede,Bug,30,45,59,30,39,57,260,5,False
462,Combee,Bug,30,30,42,30,42,70,244,4,False
230,Shuckle,Bug,20,10,230,10,230,5,505,2,False
316,Shedinja,Bug,1,90,45,30,30,40,236,3,False
793,Yveltal,Dark,126,131,95,131,98,99,680,6,True
691,Mandibuzz,Dark,110,65,105,55,95,80,510,5,False
478,Honchkrow,Dark,100,125,52,105,52,71,505,4,False
212,Umbreon,Dark,95,65,110,60,130,65,525,2,False
696,Hydreigon,Dark,92,105,90,125,90,98,600,5,False
757,Malamar,Dark,86,92,88,68,75,73,482,6,False
248,HoundoomMega Houndoom,Dark,75,90,90,140,90,115,600,2,False
247,Houndoom,Dark,75,90,50,110,80,95,500,2,False
695,Zweilous,Dark,72,85,70,65,70,58,420,5,False
512,Weavile,Dark,70,120,65,45,85,125,510,4,False
690,Vullaby,Dark,70,55,75,45,65,60,370,5,False
285,Mightyena,Dark,70,90,70,60,60,70,420,3,False
549,Darkrai,Dark,70,90,90,135,90,125,600,4,True
621,Scrafty,Dark,65,90,115,45,115,58,488,5,False
686,Bisharp,Dark,65,125,100,60,70,70,490,5,False
393,AbsolMega Absol,Dark,65,150,60,115,60,115,565,3,False
392,Absol,Dark,65,130,60,75,60,75,465,3,False
569,Liepard,Dark,64,88,50,88,50,106,446,5,False
632,Zoroark,Dark,60,105,60,120,60,105,510,5,False
213,Murkrow,Dark,60,85,42,85,42,91,405,2,False
233,Sneasel,Dark,55,95,55,35,75,115,430,2,False
756,Inkay,Dark,53,54,53,37,46,45,288,6,False
694,Deino,Dark,52,65,50,45,50,38,300,5,False
620,Scraggy,Dark,50,75,70,35,70,48,348,5,False
327,SableyeMega Sableye,Dark,50,85,125,85,115,20,480,3,False
326,Sableye,Dark,50,75,75,65,65,50,380,3,False
685,Pawniard,Dark,45,85,70,40,40,60,340,5,False
246,Houndour,Dark,45,60,30,80,50,65,330,2,False
568,Purrloin,Dark,41,50,37,50,37,66,281,5,False
631,Zorua,Dark,40,65,40,80,40,65,330,5,False
284,Poochyena,Dark,35,55,35,30,30,35,220,3,False
712,KyuremWhite Kyurem,Dragon,125,120,90,170,100,95,700,5,True
711,KyuremBlack Kyurem,Dragon,125,170,100,120,90,95,700,5,True
710,Kyurem,Dragon,125,130,90,130,90,95,660,5,True
794,Zygarde50% Forme,Dragon,108,100,121,81,95,95,600,6,True
494,GarchompMega Garchomp,Dragon,108,170,115,120,95,92,700,4,False
493,Garchomp,Dragon,108,130,95,80,85,102,600,4,False
426,RayquazaMega Rayquaza,Dragon,105,180,100,180,100,115,780,3,True
425,Rayquaza,Dragon,105,150,90,150,90,95,680,3,True
707,Zekrom,Dragon,100,150,120,120,100,90,680,5,True
706,Reshiram,Dragon,100,120,100,150,120,90,680,5,True
409,SalamenceMega Salamence,Dragon,95,145,130,120,90,120,700,3,False
408,Salamence,Dragon,95,135,80,110,80,100,600,3,False
161,Dragonite,Dragon,91,134,95,100,100,80,600,1,False
776,Goodra,Dragon,90,100,70,110,150,80,600,6,False
420,LatiosMega Latios,Dragon,80,130,100,160,120,110,700,3,True
419,Latios,Dragon,80,90,80,130,110,110,600,3,True
418,LatiasMega Latias,Dragon,80,100,120,140,150,110,700,3,True
417,Latias,Dragon,80,80,90,110,130,110,600,3,True
682,Druddigon,Dragon,77,120,90,60,90,48,485,5,False
673,Haxorus,Dragon,76,147,90,60,70,97,540,5,False
366,AltariaMega Altaria,Dragon,75,110,110,110,105,80,590,3,False
365,Altaria,Dragon,75,70,90,70,105,80,490,3,False
775,Sliggoo,Dragon,68,75,53,83,113,60,452,6,False
492,Gabite,Dragon,68,90,65,50,55,82,410,4,False
672,Fraxure,Dragon,66,117,70,40,50,67,410,5,False
407,Shelgon,Dragon,65,95,100,60,50,50,420,3,False
160,Dragonair,Dragon,61,84,65,70,70,70,420,1,False
491,Gible,Dragon,58,70,45,40,45,42,300,4,False
671,Axew,Dragon,46,87,60,30,40,57,320,5,False
774,Goomy,Dragon,45,50,35,55,75,40,300,6,False
406,Bagon,Dragon,45,75,60,40,30,50,300,3,False
159,Dratini,Dragon,41,64,45,50,50,50,300,1,False
157,Zapdos,Electric,90,90,85,125,90,100,580,1,True
262,Raikou,Electric,90,85,75,115,100,115,580,2,True
196,AmpharosMega Ampharos,Electric,90,95,105,165,110,45,610,2,False
195,Ampharos,Electric,90,75,85,115,90,55,510,2,False
665,Eelektross,Electric,85,115,80,105,80,50,515,5,False
450,Luxray,Electric,80,120,79,95,79,70,523,4,False
705,ThundurusTherian Forme,Electric,79,105,70,145,80,101,580,5,True
704,ThundurusIncarnate Forme,Electric,79,115,70,125,80,111,580,5,True
582,Zebstrika,Electric,75,100,63,80,63,116,497,5,False
517,Electivire,Electric,75,123,67,95,85,95,540,4,False
339,ManectricMega Manectric,Electric,70,75,80,135,80,135,575,3,False
338,Manectric,Electric,70,75,60,105,60,105,475,3,False
513,Magnezone,Electric,70,70,115,130,90,60,535,4,False
194,Flaaffy,Electric,70,55,55,80,60,45,365,2,False
772,Dedenne,Electric,67,58,57,81,67,101,431,6,False
146,Jolteon,Electric,65,65,60,110,95,130,525,1,False
134,Electabuzz,Electric,65,83,57,95,85,105,490,1,False
664,Eelektrik,Electric,65,85,70,75,70,40,405,5,False
765,Heliolisk,Electric,62,55,52,109,94,109,481,6,False
31,Raichu,Electric,60,90,55,90,80,110,485,1,False
340,Plusle,Electric,60,50,40,85,75,95,405,3,False
464,Pachirisu,Electric,60,45,70,45,90,95,405,4,False
341,Minun,Electric,60,40,50,75,85,95,405,3,False
449,Luxio,Electric,60,85,49,60,49,60,363,4,False
109,Electrode,Electric,60,50,70,80,80,140,480,1,False
193,Mareep,Electric,55,40,40,65,45,35,280,2,False
648,Emolga,Electric,55,75,60,75,60,103,428,5,False
533,RotomWash Rotom,Electric,50,65,107,105,107,86,520,4,False
536,RotomMow Rotom,Electric,50,65,107,105,107,86,520,4,False
532,RotomHeat Rotom,Electric,50,65,107,105,107,86,520,4,False
534,RotomFrost Rotom,Electric,50,65,107,105,107,86,520,4,False
535,RotomFan Rotom,Electric,50,65,107,105,107,86,520,4,False
531,Rotom,Electric,50,50,77,95,77,91,440,4,False
89,Magneton,Electric,50,60,95,120,70,70,465,1,False
448,Shinx,Electric,45,65,34,40,34,45,263,4,False
258,Elekid,Electric,45,63,37,65,55,95,360,2,False
581,Blitzle,Electric,45,60,32,50,32,76,295,5,False
764,Helioptile,Electric,44,38,33,61,43,70,289,6,False
108,Voltorb,Electric,40,30,50,55,55,100,330,1,False
337,Electrike,Electric,40,45,40,65,40,65,295,3,False
663,Tynamo,Electric,35,55,40,45,40,60,275,5,False
30,Pikachu,Electric,35,55,40,50,50,90,320,1,False
88,Magnemite,Electric,25,35,70,95,55,45,325,1,False
186,Pichu,Electric,20,40,15,35,35,60,205,2,False
792,Xerneas,Fairy,126,131,95,131,98,99,680,6,True
753,Aromatisse,Fairy,101,72,72,99,89,29,462,6,False
770,Sylveon,Fairy,95,65,65,110,130,60,525,6,False
41,Clefable,Fairy,95,70,73,95,90,60,483,1,False
226,Granbull,Fairy,90,120,75,60,60,45,450,2,False
519,Togekiss,Fairy,85,50,95,120,115,80,545,4,False
755,Slurpuff,Fairy,82,80,86,85,75,72,480,6,False
752,Spritzee,Fairy,78,52,60,63,65,23,341,6,False
739,Florges,Fairy,78,65,68,112,154,75,552,6,False
40,Clefairy,Fairy,70,45,48,60,65,35,323,1,False
754,Swirlix,Fairy,62,48,66,59,57,49,341,6,False
225,Snubbull,Fairy,60,80,50,40,40,30,300,2,False
190,Togetic,Fairy,55,40,85,80,105,40,405,2,False
738,Floette,Fairy,54,45,47,75,98,52,371,6,False
187,Cleffa,Fairy,50,25,28,45,55,15,218,2,False
737,Flabébé,Fairy,44,38,39,61,79,42,303,6,False
189,Togepi,Fairy,35,20,65,40,65,20,245,2,False
321,Hariyama,Fighting,144,120,60,40,60,50,474,3,False
598,Throh,Fighting,120,100,85,30,85,45,465,5,False
594,Conkeldurr,Fighting,105,140,95,55,65,45,505,5,False
743,Pangoro,Fighting,95,124,78,69,71,58,495,6,False
74,Machamp,Fighting,90,130,80,65,85,55,505,1,False
593,Gurdurr,Fighting,85,105,85,40,50,40,405,5,False
73,Machoke,Fighting,80,100,70,50,60,45,405,1,False
771,Hawlucha,Fighting,78,92,75,74,63,118,500,6,False
592,Timburr,Fighting,75,80,55,25,35,35,305,5,False
599,Sawk,Fighting,75,125,75,30,75,85,465,5,False
320,Makuhita,Fighting,72,60,30,20,30,25,237,3,False
72,Machop,Fighting,70,80,50,35,35,35,305,1,False
498,LucarioMega Lucario,Fighting,70,145,88,140,70,112,625,4,False
497,Lucario,Fighting,70,110,70,115,70,90,525,4,False
742,Pancham,Fighting,67,82,62,46,48,43,348,6,False
62,Primeape,Fighting,65,105,60,60,70,95,455,1,False
681,Mienshao,Fighting,65,125,60,95,60,105,510,5,False
336,MedichamMega Medicham,Fighting,60,100,85,80,85,100,510,3,False
335,Medicham,Fighting,60,60,75,60,75,80,410,3,False
256,Hitmontop,Fighting,50,95,95,35,110,70,455,2,False
114,Hitmonlee,Fighting,50,120,53,35,110,87,455,1,False
115,Hitmonchan,Fighting,50,105,79,35,110,76,455,1,False
680,Mienfoo,Fighting,45,85,50,55,50,65,350,5,False
496,Riolu,Fighting,40,70,40,35,40,60,285,4,False
61,Mankey,Fighting,40,80,35,35,45,70,305,1,False
255,Tyrogue,Fighting,35,35,35,35,35,35,210,2,False
334,Meditite,Fighting,30,40,55,40,55,60,280,3,False
263,Entei,Fire,115,115,85,90,75,100,580,2,True
559,Emboar,Fire,110,123,65,100,65,65,528,5,False
270,Ho-oh,Fire,106,130,90,110,154,90,680,2,True
616,DarmanitanZen Mode,Fire,105,30,105,140,105,55,540,5,False
615,DarmanitanStandard Mode,Fire,105,140,55,30,55,95,480,5,False
542,Heatran,Fire,91,90,106,130,106,77,600,4,True
558,Pignite,Fire,90,93,55,70,55,55,418,5,False
158,Moltres,Fire,90,100,90,125,85,90,580,1,True
64,Arcanine,Fire,90,110,80,100,80,95,555,1,False
736,Pyroar,Fire,86,68,72,109,66,106,507,6,False
692,Heatmor,Fire,85,97,66,105,66,65,484,5,False
799,Volcanion,Fire,80,110,120,130,90,70,600,6,True
279,BlazikenMega Blaziken,Fire,80,160,80,130,80,100,630,3,False
278,Blaziken,Fire,80,120,70,110,70,80,530,3,False
171,Typhlosion,Fire,78,84,78,109,85,100,534,2,False
731,Talonflame,Fire,78,81,71,74,69,126,499,6,False
8,CharizardMega Charizard Y,Fire,78,104,78,159,115,100,634,1,False
7,CharizardMega Charizard X,Fire,78,130,111,130,85,100,634,1,False
6,Charizard,Fire,78,84,78,109,85,100,534,1,False
437,Infernape,Fire,76,104,71,104,71,108,534,4,False
573,Simisear,Fire,75,98,63,98,63,101,498,5,False
518,Magmortar,Fire,75,95,67,125,95,83,540,4,False
723,Delphox,Fire,75,69,72,114,100,104,534,6,False
43,Ninetales,Fire,73,76,75,81,100,100,505,1,False
355,Torkoal,Fire,70,85,140,85,70,20,470,3,False
614,Darumaka,Fire,70,90,45,15,45,50,315,5,False
354,CameruptMega Camerupt,Fire,70,120,100,145,105,20,560,3,False
353,Camerupt,Fire,70,100,70,105,75,40,460,3,False
557,Tepig,Fire,65,63,45,45,45,45,308,5,False
84,Rapidash,Fire,65,100,70,80,80,105,500,1,False
135,Magmar,Fire,65,95,57,100,85,93,495,1,False
147,Flareon,Fire,65,130,60,95,110,65,525,1,False
436,Monferno,Fire,64,78,52,78,52,81,405,4,False
735,Litleo,Fire,62,50,58,73,54,72,369,6,False
730,Fletchinder,Fire,62,73,55,56,52,84,382,6,False
352,Numel,Fire,60,60,40,65,45,35,305,3,False
277,Combusken,Fire,60,85,60,85,60,55,405,3,False
722,Braixen,Fire,59,59,58,90,70,73,409,6,False
170,Quilava,Fire,58,64,58,80,65,80,405,2,False
5,Charmeleon,Fire,58,64,58,80,65,80,405,1,False
63,Growlithe,Fire,55,70,45,70,50,60,350,1,False
83,Ponyta,Fire,50,85,55,65,65,90,410,1,False
572,Pansear,Fire,50,53,48,53,48,64,316,5,False
237,Magcargo,Fire,50,50,120,80,80,30,410,2,False
276,Torchic,Fire,45,60,40,70,50,45,310,3,False
259,Magby,Fire,45,75,37,70,55,83,365,2,False
435,Chimchar,Fire,44,58,44,58,44,61,309,4,False
236,Slugma,Fire,40,40,40,70,40,20,250,2,False
721,Fennekin,Fire,40,45,40,62,60,60,307,6,False
169,Cyndaquil,Fire,39,52,43,60,50,65,309,2,False
4,Charmander,Fire,39,52,43,60,50,65,309,1,False
42,Vulpix,Fire,38,41,40,50,65,65,299,1,False
791,Noivern,Flying,85,70,80,97,80,123,535,6,False
703,TornadusTherian Forme,Flying,79,100,80,110,90,121,580,5,True
702,TornadusIncarnate Forme,Flying,79,115,70,125,80,111,580,5,True
790,Noibat,Flying,40,30,35,45,40,55,245,6,False
545,GiratinaOrigin Forme,Ghost,150,120,100,120,100,90,680,4,True
544,GiratinaAltered Forme,Ghost,150,100,120,100,120,90,680,4,True
473,Drifblim,Ghost,150,80,44,90,54,80,498,4,False
472,Drifloon,Ghost,90,50,34,60,44,70,348,4,False
779,Trevenant,Ghost,85,110,76,65,82,56,474,6,False
787,GourgeistSuper Size,Ghost,85,100,122,58,75,54,494,6,False
786,GourgeistLarge Size,Ghost,75,95,122,58,75,69,494,6,False
784,GourgeistAverage Size,Ghost,65,90,122,58,75,84,494,6,False
387,BanetteMega Banette,Ghost,64,165,75,93,83,75,555,3,False
386,Banette,Ghost,64,115,65,83,63,65,455,3,False
477,Mismagius,Ghost,60,60,60,105,105,105,495,4,False
215,Misdreavus,Ghost,60,60,60,85,85,85,435,2,False
669,Lampent,Ghost,60,40,60,95,60,55,370,5,False
102,GengarMega Gengar,Ghost,60,65,80,170,95,130,600,1,False
101,Gengar,Ghost,60,65,60,130,75,110,500,1,False
670,Chandelure,Ghost,60,55,90,145,90,80,520,5,False
783,PumpkabooSuper Size,Ghost,59,66,70,44,55,41,335,6,False
624,Cofagrigus,Ghost,58,50,145,95,105,30,483,5,False
785,GourgeistSmall Size,Ghost,55,85,122,58,75,99,494,6,False
782,PumpkabooLarge Size,Ghost,54,66,70,44,55,46,335,6,False
490,Spiritomb,Ghost,50,92,108,92,108,35,485,4,False
668,Litwick,Ghost,50,30,55,65,55,20,275,5,False
780,PumpkabooAverage Size,Ghost,49,66,70,44,55,51,335,6,False
100,Haunter,Ghost,45,50,45,115,55,95,405,1,False
529,Dusknoir,Ghost,45,100,135,65,135,45,525,4,False
385,Shuppet,Ghost,44,75,35,63,33,45,295,3,False
781,PumpkabooSmall Size,Ghost,44,66,70,44,55,56,335,6,False
778,Phantump,Ghost,43,70,48,50,60,38,309,6,False
389,Dusclops,Ghost,40,70,130,60,130,25,455,3,False
623,Yamask,Ghost,38,30,85,55,65,30,303,5,False
99,Gastly,Ghost,30,35,30,100,35,80,310,1,False
388,Duskull,Ghost,20,40,90,30,90,25,295,3,False
741,Gogoat,Grass,123,100,62,97,81,68,531,6,False
652,Amoonguss,Grass,114,85,70,85,80,30,464,5,False
516,Tangrowth,Grass,100,100,125,110,50,50,535,4,False
551,ShayminSky Forme,Grass,100,103,75,120,75,127,600,4,True
550,ShayminLand Forme,Grass,100,100,100,100,100,100,600,4,True
390,Tropius,Grass,99,68,83,72,87,51,460,3,False
434,Torterra,Grass,95,109,105,75,85,56,525,4,False
111,Exeggutor,Grass,95,95,85,125,65,55,520,1,False
701,Virizion,Grass,91,90,72,90,129,108,580,5,True
298,Shiftry,Grass,90,100,60,90,60,80,480,3,False
511,AbomasnowMega Abomasnow,Grass,90,132,105,132,105,30,594,4,False
510,Abomasnow,Grass,90,92,75,92,85,60,494,4,False
720,Chesnaught,Grass,88,107,122,74,75,64,530,6,False
77,Victreebel,Grass,80,105,65,100,70,70,490,1,False
3,VenusaurMega Venusaur,Grass,80,100,123,122,120,80,625,1,False
2,Venusaur,Grass,80,82,83,100,100,80,525,1,False
168,Meganium,Grass,80,82,100,83,100,80,525,2,False
50,Vileplume,Grass,75,80,85,110,90,50,490,1,False
207,Sunflora,Grass,75,75,55,105,85,30,425,2,False
571,Simisage,Grass,75,98,63,98,63,101,498,5,False
556,Serperior,Grass,75,75,95,75,95,113,528,5,False
617,Maractus,Grass,75,86,67,106,67,60,461,5,False
204,Jumpluff,Grass,75,55,70,55,95,110,460,2,False
433,Grotle,Grass,75,89,85,55,65,36,405,4,False
197,Bellossom,Grass,75,80,95,90,100,50,490,2,False
659,Ferrothorn,Grass,74,94,131,54,116,20,489,5,False
505,Carnivine,Grass,74,100,72,90,72,46,454,4,False
275,SceptileMega Sceptile,Grass,70,110,75,145,85,145,630,3,False
274,Sceptile,Grass,70,85,65,105,85,120,530,3,False
297,Nuzleaf,Grass,70,70,40,60,40,60,340,3,False
609,Lilligant,Grass,70,60,75,110,75,90,480,5,False
468,Cherrim,Grass,70,60,70,87,78,85,450,4,False
363,Cacturne,Grass,70,115,60,115,60,55,475,3,False
651,Foongus,Grass,69,55,45,55,55,15,294,5,False
740,Skiddo,Grass,66,65,48,62,57,52,350,6,False
76,Weepinbell,Grass,65,90,50,85,45,55,390,1,False
122,Tangela,Grass,65,55,115,100,40,60,435,1,False
521,Leafeon,Grass,65,110,130,60,65,95,525,4,False
719,Quilladin,Grass,61,78,95,56,58,57,405,6,False
607,Whimsicott,Grass,60,67,85,77,75,116,480,5,False
509,Snover,Grass,60,62,50,62,60,40,334,4,False
309,Shroomish,Grass,60,40,60,40,60,35,295,3,False
555,Servine,Grass,60,60,75,60,75,83,413,5,False
452,Roserade,Grass,60,70,65,125,105,90,515,4,False
1,Ivysaur,Grass,60,62,63,80,80,60,405,1,False
49,Gloom,Grass,60,65,70,85,75,40,395,1,False
110,Exeggcute,Grass,60,40,80,60,45,40,325,1,False
310,Breloom,Grass,60,130,80,60,60,70,460,3,False
167,Bayleef,Grass,60,62,80,63,80,60,405,2,False
718,Chespin,Grass,56,61,65,48,45,38,313,6,False
432,Turtwig,Grass,55,68,64,45,55,31,318,4,False
203,Skiploom,Grass,55,45,50,45,65,80,340,2,False
344,Roselia,Grass,50,60,45,100,80,65,400,3,False
570,Pansage,Grass,50,53,48,53,48,64,316,5,False
273,Grovyle,Grass,50,65,45,85,65,95,405,3,False
362,Cacnea,Grass,50,85,40,85,40,35,335,3,False
75,Bellsprout,Grass,50,75,35,70,30,40,300,1,False
554,Snivy,Grass,45,45,55,45,55,63,308,5,False
608,Petilil,Grass,45,35,50,70,50,30,280,5,False
48,Oddish,Grass,45,50,55,75,65,30,320,1,False
166,Chikorita,Grass,45,49,65,49,65,45,318,2,False
467,Cherubi,Grass,45,35,45,62,53,35,275,4,False
0,Bulbasaur,Grass,45,49,49,65,65,45,318,1,False
658,Ferroseed,Grass,44,50,91,24,86,10,305,5,False
272,Treecko,Grass,40,45,35,65,55,70,310,3,False
296,Seedot,Grass,40,40,50,30,30,30,220,3,False
606,Cottonee,Grass,40,27,60,37,50,66,280,5,False
451,Budew,Grass,40,30,35,50,70,55,280,4,False
202,Hoppip,Grass,35,35,40,35,55,50,250,2,False
206,Sunkern,Grass,30,30,30,30,30,30,180,2,False
515,Rhyperior,Ground,115,140,130,55,55,40,535,4,False
589,Excadrill,Ground,110,135,60,50,65,88,508,5,False
679,Stunfisk,Ground,109,66,84,81,99,32,471,5,False
500,Hippowdon,Ground,108,112,118,68,72,47,525,4,False
120,Rhydon,Ground,105,130,120,45,45,40,485,1,False
424,GroudonPrimal Groudon,Ground,100,180,160,150,90,90,770,3,True
423,Groudon,Ground,100,150,140,100,90,90,670,3,True
613,Krookodile,Ground,95,117,80,65,70,92,519,5,False
250,Phanpy,Ground,90,60,60,40,40,40,330,2,False
251,Donphan,Ground,90,120,120,60,60,50,500,2,False
709,LandorusTherian Forme,Ground,89,145,90,105,80,91,600,5,True
708,LandorusIncarnate Forme,Ground,89,125,90,115,80,101,600,5,True
684,Golurk,Ground,89,124,80,55,80,55,483,5,False
119,Rhyhorn,Ground,80,85,95,30,30,25,345,1,False
361,Flygon,Ground,80,100,80,80,80,100,520,3,False
33,Sandslash,Ground,75,100,110,45,55,65,450,1,False
523,Gliscor,Ground,75,95,125,45,75,95,510,4,False
499,Hippopotas,Ground,68,72,78,38,42,32,330,4,False
222,Gligar,Ground,65,75,105,35,65,85,430,2,False
113,Marowak,Ground,60,80,110,50,80,45,425,1,False
612,Krokorok,Ground,60,82,45,45,45,74,351,5,False
588,Drilbur,Ground,60,85,40,30,45,68,328,5,False
376,Claydol,Ground,60,70,105,70,120,75,500,3,False
683,Golett,Ground,59,74,50,35,50,35,303,5,False
360,Vibrava,Ground,50,70,50,50,50,70,340,3,False
32,Sandshrew,Ground,50,75,85,20,30,40,300,1,False
611,Sandile,Ground,50,72,35,35,35,65,292,5,False
112,Cubone,Ground,50,50,95,40,50,35,320,1,False
359,Trapinch,Ground,45,100,45,45,45,10,290,3,False
375,Baltoy,Ground,40,40,55,40,70,55,300,3,False
56,Dugtrio,Ground,35,80,50,50,70,120,405,1,False
55,Diglett,Ground,10,55,25,35,45,95,265,1,False
400,Walrein,Ice,110,80,90,95,90,65,530,3,False
524,Mamoswine,Ice,110,130,80,70,60,80,530,4,False
239,Piloswine,Ice,100,100,80,60,60,50,450,2,False
675,Beartic,Ice,95,110,80,70,80,50,485,5,False
789,Avalugg,Ice,95,117,184,44,46,28,514,6,False
399,Sealeo,Ice,90,60,70,75,70,45,410,3,False
156,Articuno,Ice,90,85,100,95,125,85,580,1,True
415,Regice,Ice,80,50,100,100,200,50,580,3,True
397,GlalieMega Glalie,Ice,80,120,80,120,80,100,580,3,False
396,Glalie,Ice,80,80,80,80,80,80,480,3,False
645,Vanilluxe,Ice,71,95,85,110,95,79,535,5,False
398,Spheal,Ice,70,40,50,55,50,25,290,3,False
530,Froslass,Ice,70,80,70,80,70,110,480,4,False
676,Cryogonal,Ice,70,50,30,95,135,105,485,5,False
133,Jynx,Ice,65,50,35,115,95,95,455,1,False
522,Glaceon,Ice,65,60,110,130,95,65,525,4,False
674,Cubchoo,Ice,55,70,40,60,40,40,305,5,False
788,Bergmite,Ice,55,69,85,32,35,28,304,6,False
644,Vanillish,Ice,51,65,65,80,75,59,395,5,False
238,Swinub,Ice,50,50,40,30,30,50,250,2,False
395,Snorunt,Ice,50,50,50,50,50,50,300,3,False
257,Smoochum,Ice,45,30,15,85,65,65,305,2,False
243,Delibird,Ice,45,55,45,65,45,75,330,2,False
643,Vanillite,Ice,36,50,50,65,60,44,305,5,False
261,Blissey,Normal,255,10,10,75,135,55,540,2,False
121,Chansey,Normal,250,5,5,35,105,50,450,1,False
155,Snorlax,Normal,160,110,65,65,110,30,540,1,False
313,Slaking,Normal,150,160,100,95,65,100,670,3,False
45,Wigglytuff,Normal,140,70,45,85,50,45,435,1,False
495,Munchlax,Normal,135,85,40,40,85,5,390,4,False
552,Arceus,Normal,120,120,120,120,120,120,720,4,True
44,Jigglypuff,Normal,115,45,20,45,25,20,270,1,False
543,Regigigas,Normal,110,160,110,80,110,100,670,4,True
514,Lickilicky,Normal,110,85,95,80,95,50,515,4,False
124,KangaskhanMega Kangaskhan,Normal,105,125,100,60,100,100,590,1,False
123,Kangaskhan,Normal,105,95,80,40,80,90,490,1,False
319,Exploud,Normal,104,91,63,91,73,68,490,3,False
591,AudinoMega Audino,Normal,103,60,126,80,126,50,545,5,False
590,Audino,Normal,103,60,86,60,86,50,445,5,False
178,Noctowl,Normal,100,50,50,76,96,70,442,2,False
716,MeloettaPirouette Forme,Normal,100,128,90,77,77,128,600,5,False
715,MeloettaAria Forme,Normal,100,77,77,128,128,90,600,5,False
488,Happiny,Normal,100,5,5,15,65,30,220,4,False
221,Dunsparce,Normal,100,70,70,65,65,45,415,2,False
689,Braviary,Normal,100,123,75,57,75,80,510,5,False
260,Miltank,Normal,95,80,105,40,70,100,490,2,False
687,Bouffalant,Normal,95,110,95,40,95,55,490,5,False
235,Ursaring,Normal,90,130,75,75,75,55,500,2,False
116,Lickitung,Normal,90,55,75,60,75,30,385,1,False
188,Igglybuff,Normal,90,30,15,40,20,15,210,2,False
567,Stoutland,Normal,85,110,90,45,90,80,500,5,False
443,Staraptor,Normal,85,120,70,50,60,100,485,4,False
252,Porygon2,Normal,85,80,90,105,95,60,515,2,False
525,Porygon-Z,Normal,85,80,70,135,75,90,535,4,False
176,Furret,Normal,85,76,64,45,55,90,415,2,False
728,Diggersby,Normal,85,56,77,50,77,78,423,6,False
318,Loudred,Normal,84,71,43,71,43,48,360,3,False
23,PidgeotMega Pidgeot,Normal,83,80,80,135,80,121,579,1,False
22,Pidgeot,Normal,83,80,75,70,70,101,479,1,False
312,Vigoroth,Normal,80,80,80,55,55,90,440,3,False
580,Unfezant,Normal,80,115,80,65,55,93,488,5,False
647,Sawsbuck,Normal,80,100,70,60,70,95,475,5,False
445,Bibarel,Normal,79,85,60,55,60,71,410,4,False
287,Linoone,Normal,78,70,61,50,61,100,420,3,False
489,Chatot,Normal,76,65,45,92,42,91,411,4,False
138,Tauros,Normal,75,100,95,40,70,110,490,1,False
744,Furfrou,Normal,75,80,60,65,90,102,472,6,False
634,Cinccino,Normal,75,95,60,65,60,115,470,5,False
471,Ambipom,Normal,75,100,66,60,66,115,482,4,False
367,Zangoose,Normal,73,115,60,60,60,90,458,3,False
253,Stantler,Normal,73,95,62,85,65,85,465,2,False
480,Purugly,Normal,71,82,64,64,59,112,452,4,False
688,Rufflet,Normal,70,83,50,37,50,60,350,5,False
218,Girafarig,Normal,70,80,65,90,65,85,455,2,False
325,Delcatty,Normal,70,65,65,55,55,70,380,3,False
383,Castform,Normal,70,70,70,70,70,70,420,3,False
148,Porygon,Normal,65,60,70,85,75,40,395,1,False
58,Persian,Normal,65,70,60,65,65,115,440,1,False
476,LopunnyMega Lopunny,Normal,65,136,94,54,96,135,580,4,False
475,Lopunny,Normal,65,76,84,54,96,105,480,4,False
566,Herdier,Normal,65,80,65,35,65,60,370,5,False
27,Fearow,Normal,65,90,65,61,61,100,442,1,False
317,Whismur,Normal,64,51,23,51,23,28,240,3,False
21,Pidgeotto,Normal,63,60,55,50,50,71,349,1,False
579,Tranquill,Normal,62,77,62,50,42,65,358,5,False
564,Watchog,Normal,60,85,69,60,69,77,420,5,False
234,Teddiursa,Normal,60,80,50,50,50,40,330,2,False
300,Swellow,Normal,60,85,60,50,50,125,430,3,False
358,Spinda,Normal,60,60,60,60,60,60,360,3,False
311,Slakoth,Normal,60,60,60,35,35,30,280,3,False
384,Kecleon,Normal,60,90,70,60,120,40,440,3,False
177,Hoothoot,Normal,60,30,30,36,56,50,262,2,False
92,Dodrio,Normal,60,110,70,60,60,100,460,1,False
646,Deerling,Normal,60,60,50,40,50,75,335,5,False
444,Bidoof,Normal,59,45,40,35,40,31,250,4,False
442,Staravia,Normal,55,75,50,40,40,80,340,4,False
254,Smeargle,Normal,55,20,35,20,45,75,250,2,False
25,Raticate,Normal,55,81,60,50,70,97,413,1,False
633,Minccino,Normal,55,50,40,40,40,75,300,5,False
144,Eevee,Normal,55,55,50,45,65,55,325,1,False
474,Buneary,Normal,55,66,44,44,56,85,350,4,False
205,Aipom,Normal,55,70,55,40,55,85,360,2,False
90,Farfetch'd,Normal,52,65,55,58,62,60,352,1,False
324,Skitty,Normal,50,45,45,35,35,50,260,3,False
578,Pidove,Normal,50,55,50,36,30,43,264,5,False
322,Azurill,Normal,50,20,40,20,40,20,190,3,False
479,Glameow,Normal,49,55,42,42,37,85,310,4,False
143,Ditto,Normal,48,48,48,48,48,48,288,1,False
364,Swablu,Normal,45,40,60,40,75,50,310,3,False
563,Patrat,Normal,45,55,39,35,39,42,255,5,False
565,Lillipup,Normal,45,60,45,25,45,55,275,5,False
729,Fletchling,Normal,45,50,43,40,38,62,278,6,False
299,Taillow,Normal,40,55,30,30,30,85,270,3,False
441,Starly,Normal,40,55,30,30,30,60,245,4,False
26,Spearow,Normal,40,60,30,31,31,70,262,1,False
20,Pidgey,Normal,40,45,40,35,35,56,251,1,False
57,Meowth,Normal,40,45,35,40,40,90,290,1,False
286,Zigzagoon,Normal,38,30,41,30,41,60,240,3,False
727,Bunnelby,Normal,38,36,38,32,36,57,237,6,False
175,Sentret,Normal,35,46,34,35,45,20,215,2,False
91,Doduo,Normal,35,85,45,35,35,75,310,1,False
24,Rattata,Normal,30,56,35,25,35,72,253,1,False
96,Muk,Poison,105,105,75,65,100,50,500,1,False
483,Skuntank,Poison,103,93,67,71,61,84,479,4,False
346,Swalot,Poison,100,73,83,73,83,55,467,3,False
36,Nidoqueen,Poison,90,92,87,75,85,76,505,1,False
183,Crobat,Poison,85,90,80,70,80,130,535,2,False
504,Toxicroak,Poison,83,106,65,86,65,85,490,4,False
39,Nidoking,Poison,81,102,77,85,75,85,505,1,False
95,Grimer,Poison,80,80,50,40,50,25,325,1,False
630,Garbodor,Poison,80,95,82,60,82,75,474,5,False
47,Golbat,Poison,75,80,70,65,75,90,455,1,False
368,Seviper,Poison,73,100,60,100,60,65,458,3,False
35,Nidorina,Poison,70,62,67,55,55,56,365,1,False
345,Gulpin,Poison,70,43,53,43,53,40,302,3,False
502,Drapion,Poison,70,90,110,60,75,95,500,4,False
118,Weezing,Poison,65,90,120,85,70,60,490,1,False
761,Dragalge,Poison,65,75,90,97,123,44,494,6,False
482,Stunky,Poison,63,63,47,41,41,74,329,4,False
38,Nidorino,Poison,61,72,57,55,55,65,365,1,False
29,Arbok,Poison,60,85,69,65,79,80,438,1,False
34,Nidoran (Female),Poison,55,47,52,40,40,41,275,1,False
629,Trubbish,Poison,50,50,62,40,62,65,329,5,False
760,Skrelp,Poison,50,60,60,60,60,30,320,6,False
503,Croagunk,Poison,48,61,40,61,40,50,300,4,False
37,Nidoran (Male),Poison,46,57,40,40,40,50,273,1,False
46,Zubat,Poison,40,45,35,30,40,55,245,1,False
501,Skorupi,Poison,40,50,90,30,55,65,330,4,False
117,Koffing,Poison,40,65,95,60,45,35,340,1,False
28,Ekans,Poison,35,60,44,40,54,55,288,1,False
217,Wobbuffet,Psychic,190,33,58,33,58,33,405,2,False
546,Cresselia,Psychic,120,70,120,75,130,85,600,4,False
577,Musharna,Psychic,116,55,85,107,95,29,487,5,False
640,Reuniclus,Psychic,110,65,75,125,85,30,490,5,False
164,MewtwoMega Mewtwo Y,Psychic,106,150,70,194,120,140,780,1,True
163,MewtwoMega Mewtwo X,Psychic,106,190,100,154,100,130,780,1,True
162,Mewtwo,Psychic,106,110,90,154,90,130,680,1,True
269,Lugia,Psychic,106,90,130,90,154,110,680,2,True
553,Victini,Psychic,100,100,100,100,100,100,600,5,True
165,Mew,Psychic,100,100,100,100,100,100,600,1,False
271,Celebi,Psychic,100,100,100,100,100,100,600,2,False
394,Wynaut,Psychic,95,23,48,23,48,23,260,3,False
105,Hypno,Psychic,85,73,70,73,115,67,483,1,False
538,Mesprit,Psychic,80,105,105,105,105,80,580,4,True
798,HoopaHoopa Unbound,Psychic,80,160,60,170,130,80,680,6,True
797,HoopaHoopa Confined,Psychic,80,110,60,150,130,70,600,6,True
357,Grumpig,Psychic,80,45,65,90,110,80,470,3,False
576,Munna,Psychic,76,25,45,67,55,24,292,5,False
537,Uxie,Psychic,75,75,130,75,130,95,580,4,True
667,Beheeyem,Psychic,75,75,75,125,95,40,485,5,False
539,Azelf,Psychic,75,125,70,125,70,115,580,4,True
746,MeowsticMale,Psychic,74,48,76,83,81,104,466,6,False
747,MeowsticFemale,Psychic,74,48,76,83,81,104,466,6,False
622,Sigilyph,Psychic,72,58,80,103,80,97,490,5,False
637,Gothitelle,Psychic,70,55,95,95,110,65,490,5,False
306,GardevoirMega Gardevoir,Psychic,68,85,65,165,135,100,618,3,False
305,Gardevoir,Psychic,68,65,65,125,115,80,518,3,False
527,GalladeMega Gallade,Psychic,68,165,95,65,115,110,618,4,False
526,Gallade,Psychic,68,125,65,65,115,80,518,4,False
587,Swoobat,Psychic,67,57,55,77,55,114,425,5,False
192,Xatu,Psychic,65,75,70,95,70,95,470,2,False
211,Espeon,Psychic,65,65,60,130,95,110,525,2,False
639,Duosion,Psychic,65,40,50,125,60,30,370,5,False
391,Chimecho,Psychic,65,50,70,95,80,65,425,3,False
745,Espurr,Psychic,62,48,54,63,60,68,355,6,False
356,Spoink,Psychic,60,25,35,70,80,60,330,3,False
636,Gothorita,Psychic,60,45,70,75,85,55,390,5,False
104,Drowzee,Psychic,60,48,45,43,90,42,328,1,False
586,Woobat,Psychic,55,45,43,55,43,72,313,5,False
666,Elgyem,Psychic,55,55,55,85,55,30,335,5,False
71,AlakazamMega Alakazam,Psychic,55,50,65,175,95,150,590,1,False
70,Alakazam,Psychic,55,50,45,135,95,120,500,1,False
431,DeoxysSpeed Forme,Psychic,50,95,90,95,90,180,600,3,True
428,DeoxysNormal Forme,Psychic,50,150,50,150,50,150,600,3,True
430,DeoxysDefense Forme,Psychic,50,70,160,70,160,90,600,3,True
429,DeoxysAttack Forme,Psychic,50,180,20,180,20,150,600,3,True
216,Unown,Psychic,48,72,48,72,48,48,336,2,False
638,Solosis,Psychic,45,30,40,105,50,20,290,5,False
635,Gothita,Psychic,45,30,50,55,65,45,290,5,False
481,Chingling,Psychic,45,30,50,65,50,45,285,4,False
191,Natu,Psychic,40,50,45,70,45,70,320,2,False
131,Mr. Mime,Psychic,40,45,65,100,120,90,460,1,False
69,Kadabra,Psychic,40,35,30,120,70,105,400,1,False
304,Kirlia,Psychic,38,35,35,65,55,50,278,3,False
303,Ralts,Psychic,28,25,25,45,35,40,198,3,False
68,Abra,Psychic,25,20,15,105,55,90,310,1,False
487,Mime Jr.,Psychic,20,25,45,70,90,60,310,4,False
769,Aurorus,Rock,123,77,72,99,92,58,521,6,False
268,TyranitarMega Tyranitar,Rock,100,164,150,95,120,71,700,2,False
267,Tyranitar,Rock,100,134,110,95,100,61,600,2,False
454,Rampardos,Rock,97,165,60,65,50,58,495,4,False
700,Terrakion,Rock,91,129,90,72,90,108,580,5,True
378,Cradily,Rock,86,81,97,81,107,43,495,3,False
585,Gigalith,Rock,85,135,130,60,80,25,515,5,False
767,Tyrantrum,Rock,82,121,119,69,59,71,521,6,False
414,Regirock,Rock,80,100,200,50,100,50,580,3,True
82,Golem,Rock,80,120,130,55,65,45,495,1,False
154,AerodactylMega Aerodactyl,Rock,80,135,85,70,95,150,615,1,False
153,Aerodactyl,Rock,80,105,65,60,75,130,515,1,False
768,Amaura,Rock,77,59,50,67,63,46,362,6,False
380,Armaldo,Rock,75,125,100,70,80,45,495,3,False
628,Archeops,Rock,75,140,65,112,65,110,567,5,False
759,Barbaracle,Rock,72,105,115,54,86,68,500,6,False
200,Sudowoodo,Rock,70,100,115,30,65,30,410,2,False
370,Solrock,Rock,70,95,85,55,65,70,440,3,False
266,Pupitar,Rock,70,84,70,65,70,51,410,2,False
150,Omastar,Rock,70,60,125,115,70,55,495,1,False
369,Lunatone,Rock,70,55,65,95,85,70,440,3,False
584,Boldore,Rock,70,105,105,50,40,20,390,5,False
453,Cranidos,Rock,67,125,40,30,30,58,350,4,False
377,Lileep,Rock,66,41,77,61,87,23,355,3,False
528,Probopass,Rock,60,55,145,75,150,40,525,4,False
152,Kabutops,Rock,60,115,105,65,70,80,495,1,False
456,Bastiodon,Rock,60,52,168,47,138,30,495,4,False
766,Tyrunt,Rock,58,89,77,45,45,48,362,6,False
583,Roggenrola,Rock,55,75,85,25,25,15,280,5,False
81,Graveler,Rock,55,95,115,45,45,35,390,1,False
627,Archen,Rock,55,112,45,74,45,70,401,5,False
265,Larvitar,Rock,50,64,50,45,50,41,300,2,False
796,DiancieMega Diancie,Rock,50,160,110,160,110,110,700,6,True
795,Diancie,Rock,50,100,150,100,150,50,600,6,True
773,Carbink,Rock,50,50,150,50,150,50,500,6,False
486,Bonsly,Rock,50,80,95,10,45,10,290,4,False
379,Anorith,Rock,45,95,50,40,50,75,355,3,False
758,Binacle,Rock,42,52,67,39,56,50,306,6,False
80,Geodude,Rock,40,80,100,30,30,20,300,1,False
103,Onix,Rock,35,45,160,30,45,70,385,1,False
149,Omanyte,Rock,35,40,100,90,55,35,355,1,False
455,Shieldon,Rock,30,42,118,42,88,30,350,4,False
323,Nosepass,Rock,30,45,135,45,90,30,375,3,False
151,Kabuto,Rock,30,80,90,55,45,55,355,1,False
427,Jirachi,Steel,100,100,100,100,100,100,600,3,True
540,Dialga,Steel,100,120,120,150,100,90,680,4,True
699,Cobalion,Steel,91,90,129,90,72,108,580,5,True
416,Registeel,Steel,80,75,150,75,150,50,580,3,True
413,MetagrossMega Metagross,Steel,80,145,150,105,110,110,700,3,False
412,Metagross,Steel,80,135,130,95,90,70,600,3,False
224,SteelixMega Steelix,Steel,75,125,230,55,95,30,610,2,False
223,Steelix,Steel,75,85,200,55,65,30,510,2,False
333,AggronMega Aggron,Steel,70,140,230,60,80,50,630,3,False
332,Aggron,Steel,70,110,180,60,60,50,530,3,False
485,Bronzong,Steel,67,89,116,79,116,33,500,4,False
245,Skarmory,Steel,65,80,140,40,70,70,465,2,False
411,Metang,Steel,60,75,100,55,80,50,420,3,False
331,Lairon,Steel,60,90,140,50,50,40,430,3,False
662,Klinklang,Steel,60,100,115,70,85,90,520,5,False
661,Klang,Steel,60,80,95,70,85,50,440,5,False
751,AegislashShield Forme,Steel,60,50,150,50,150,60,520,6,False
750,AegislashBlade Forme,Steel,60,150,50,150,50,60,520,6,False
749,Doublade,Steel,59,110,150,45,49,35,448,6,False
777,Klefki,Steel,57,80,91,80,87,75,470,6,False
484,Bronzor,Steel,57,24,86,24,86,23,300,4,False
329,MawileMega Mawile,Steel,50,105,125,55,95,50,480,3,False
328,Mawile,Steel,50,85,85,55,55,50,380,3,False
330,Aron,Steel,50,70,100,40,40,30,330,3,False
748,Honedge,Steel,45,80,100,35,37,28,325,6,False
660,Klink,Steel,40,55,70,45,60,30,300,5,False
410,Beldum,Steel,40,55,80,35,60,30,300,3,False
351,Wailord,Water,170,90,45,90,45,60,500,3,False
655,Alomomola,Water,165,75,80,40,45,65,470,5,False
350,Wailmer,Water,130,70,35,70,35,60,400,3,False
145,Vaporeon,Water,130,65,60,110,95,65,525,1,False
142,Lapras,Water,130,85,80,85,95,60,535,1,False
185,Lanturn,Water,125,58,58,76,76,67,460,2,False
470,Gastrodon,Water,111,83,68,92,82,39,475,4,False
372,Whiscash,Water,110,78,73,76,71,60,468,3,False
597,Seismitoad,Water,105,95,75,85,75,74,509,5,False
283,SwampertMega Swampert,Water,100,150,110,95,110,70,635,3,False
282,Swampert,Water,100,110,90,85,90,60,535,3,False
264,Suicune,Water,100,75,115,90,115,85,580,2,True
404,Relicanth,Water,100,90,130,45,65,55,485,3,False
548,Manaphy,Water,100,100,100,100,100,100,600,4,False
422,KyogrePrimal Kyogre,Water,100,150,90,180,160,90,770,3,True
421,Kyogre,Water,100,100,90,150,140,90,670,3,True
654,Jellicent,Water,100,60,70,85,105,60,480,5,False
199,Azumarill,Water,100,50,80,60,80,50,420,2,False
214,Slowking,Water,95,75,80,100,110,30,490,2,False
87,SlowbroMega Slowbro,Water,95,75,180,130,80,30,590,1,False
86,Slowbro,Water,95,75,110,100,80,30,490,1,False
562,Samurott,Water,95,100,85,108,70,70,528,5,False
210,Quagsire,Water,95,85,85,65,65,35,430,2,False
382,Milotic,Water,95,60,79,100,125,81,540,3,False
141,GyaradosMega Gyarados,Water,95,155,109,70,130,81,640,1,False
140,Gyarados,Water,95,125,79,60,100,81,540,1,False
714,KeldeoResolute Forme,Water,91,72,90,129,90,108,580,5,False
713,KeldeoOrdinary Forme,Water,91,72,90,129,90,108,580,5,False
85,Slowpoke,Water,90,65,65,40,40,15,315,1,False
67,Poliwrath,Water,90,95,95,70,90,70,510,1,False
201,Politoed,Water,90,75,75,90,100,70,500,2,False
541,Palkia,Water,90,120,100,150,120,100,680,4,True
94,Dewgong,Water,90,70,80,70,95,70,475,1,False
466,Floatzel,Water,85,105,55,85,50,115,495,4,False
174,Feraligatr,Water,85,105,100,79,83,78,530,2,False
440,Empoleon,Water,84,86,88,111,101,60,530,4,False
79,Tentacruel,Water,80,70,65,80,120,100,515,1,False
128,Seaking,Water,80,92,65,65,80,68,450,1,False
547,Phione,Water,80,80,80,80,80,80,480,4,False
295,Ludicolo,Water,80,70,70,90,100,70,480,3,False
60,Golduck,Water,80,82,78,95,80,85,500,1,False
12,BlastoiseMega Blastoise,Water,79,103,120,135,115,78,630,1,False
11,Blastoise,Water,79,83,100,85,105,78,530,1,False
469,Shellos,Water,76,48,48,57,62,34,325,4,False
642,Swanna,Water,75,87,63,87,63,98,473,5,False
575,Simipour,Water,75,98,63,98,63,101,498,5,False
596,Palpitoad,Water,75,65,55,65,55,69,384,5,False
242,Octillery,Water,75,105,75,105,75,45,480,2,False
249,Kingdra,Water,75,95,95,95,95,85,540,2,False
561,Dewott,Water,75,75,60,83,60,60,413,5,False
184,Chinchou,Water,75,38,38,56,56,67,330,2,False
626,Carracosta,Water,74,108,133,83,65,32,495,5,False
726,Greninja,Water,72,95,67,103,71,122,530,6,False
763,Clawitzer,Water,71,73,88,120,89,59,500,6,False
349,SharpedoMega Sharpedo,Water,70,140,70,110,65,105,560,3,False
348,Sharpedo,Water,70,120,40,95,40,95,460,3,False
281,Marshtomp,Water,70,85,70,60,70,50,405,3,False
198,Marill,Water,70,20,50,20,50,40,250,2,False
610,Basculin,Water,70,92,65,80,55,98,460,5,False
507,Lumineon,Water,69,69,76,69,86,91,460,4,False
93,Seel,Water,65,45,55,45,70,45,325,1,False
227,Qwilfish,Water,65,95,75,55,55,85,430,2,False
66,Poliwhirl,Water,65,65,65,50,50,90,385,1,False
244,Mantine,Water,65,40,70,80,140,70,465,2,False
173,Croconaw,Water,65,80,80,59,63,58,405,2,False
439,Prinplup,Water,64,66,68,81,76,50,405,4,False
374,Crawdaunt,Water,63,120,85,90,55,55,468,3,False
641,Ducklett,Water,62,44,50,44,50,55,305,5,False
130,Starmie,Water,60,75,85,100,85,115,520,1,False
302,Pelipper,Water,60,50,100,85,70,65,430,3,False
294,Lombre,Water,60,50,50,60,70,50,340,3,False
10,Wartortle,Water,59,63,80,65,80,58,405,1,False
209,Wooper,Water,55,45,45,25,25,15,210,2,False
126,Seadra,Water,55,65,95,95,45,85,440,1,False
560,Oshawott,Water,55,55,45,63,45,45,308,5,False
107,Kingler,Water,55,130,115,50,50,75,475,1,False
402,Huntail,Water,55,104,105,94,75,52,485,3,False
403,Gorebyss,Water,55,84,105,114,75,52,485,3,False
653,Frillish,Water,55,40,50,65,85,40,335,5,False
240,Corsola,Water,55,55,85,65,85,35,380,2,False
465,Buizel,Water,55,65,35,60,30,85,330,4,False
625,Tirtouga,Water,54,78,103,53,45,22,355,5,False
725,Frogadier,Water,54,63,52,83,56,97,405,6,False
438,Piplup,Water,53,51,53,61,56,40,314,4,False
595,Tympole,Water,50,50,40,50,40,64,294,5,False
172,Totodile,Water,50,65,64,44,48,43,314,2,False
59,Psyduck,Water,50,52,48,65,50,55,320,1,False
574,Panpour,Water,50,53,48,53,48,64,316,5,False
280,Mudkip,Water,50,70,50,50,50,40,310,3,False
98,Cloyster,Water,50,95,180,85,45,70,525,1,False
762,Clauncher,Water,50,53,62,58,63,44,330,6,False
371,Barboach,Water,50,48,43,46,41,60,288,3,False
506,Finneon,Water,49,49,56,49,61,66,330,4,False
508,Mantyke,Water,45,20,50,60,120,50,345,4,False
127,Goldeen,Water,45,67,60,35,50,63,320,1,False
347,Carvanha,Water,45,90,20,65,20,65,305,3,False
9,Squirtle,Water,44,48,65,50,64,43,314,1,False
405,Luvdisc,Water,43,30,55,40,65,97,330,3,False
373,Corphish,Water,43,80,65,50,35,35,308,3,False
724,Froakie,Water,41,56,40,62,44,71,314,6,False
301,Wingull,Water,40,30,30,55,30,85,270,3,False
78,Tentacool,Water,40,40,35,50,100,70,335,1,False
65,Poliwag,Water,40,50,40,40,40,90,300,1,False
293,Lotad,Water,40,30,30,40,50,30,220,3,False
241,Remoraid,Water,35,65,35,65,35,65,300,2,False
401,Clamperl,Water,35,64,85,74,55,32,345,3,False
129,Staryu,Water,30,45,55,70,55,85,340,1,False
97,Shellder,Water,30,65,100,45,25,40,305,1,False
106,Krabby,Water,30,105,90,25,25,50,325,1,False
125,Horsea,Water,30,40,70,70,25,60,295,1,False
139,Magikarp,Water,20,10,55,15,20,80,200,1,False
381,Feebas,Water,20,15,20,10,55,80,200,3,False
